Data File,Category,Sub-Category 1,Sub-Category 2,Sub-Category 3,Resolution (C),Ocean Resolution (mx),File Extension,File Size (Bytes),YYYY
ufs_land_restart.2020-10-01_18-00-00.nc,inputs,,restarts,era5,,,.nc,13787900,
ufs_land_restart.2020-10-01_18-00-00.nc.orig,inputs,,restarts,era5,,,.orig,14111215,
oro_C96.mx100.tile2.nc,inputs,orog_files,forcing,era5,96,100,.nc,834883,
oro_C96.mx100.tile4.nc,inputs,orog_files,forcing,era5,96,100,.nc,834883,
oro_C96.mx100.tile6.nc,inputs,orog_files,forcing,era5,96,100,.nc,834883,
oro_C96.mx100.tile3.nc,inputs,orog_files,forcing,era5,96,100,.nc,834883,
oro_C96.mx100.tile5.nc,inputs,orog_files,forcing,era5,96,100,.nc,834883,
oro_C96.mx100.tile1.nc,inputs,orog_files,forcing,era5,96,100,.nc,834883,
C96_ERA5_forcing_2021-07-03.nc,inputs,datm,forcing,era5,96,,.nc,12313780,
C96_ERA5_forcing_2021-08-21.nc,inputs,datm,forcing,era5,96,,.nc,12313780,
C96_ERA5_forcing_2021-01-07.nc,inputs,datm,forcing,era5,96,,.nc,12313780,
C96_ERA5_forcing_2020-12-15.nc,inputs,datm,forcing,era5,96,,.nc,12313780,
C96_ERA5_forcing_2020-11-20.nc,inputs,datm,forcing,era5,96,,.nc,12313780,
C96_ERA5_forcing_2021-04-26.nc,inputs,datm,forcing,era5,96,,.nc,12313780,
C96_ERA5_forcing_2021-06-01.nc,inputs,datm,forcing,era5,96,,.nc,12313780,
C96_ERA5_forcing_2021-06-04.nc,inputs,datm,forcing,era5,96,,.nc,12313780,
C96_ERA5_forcing_2021-04-01.nc,inputs,datm,forcing,era5,96,,.nc,12313780,
C96_ERA5_forcing_2021-03-29.nc,inputs,datm,forcing,era5,96,,.nc,12313780,
C96_ERA5_forcing_2021-01-25.nc,inputs,datm,forcing,era5,96,,.nc,12313780,
C96_ERA5_forcing_2021-05-17.nc,inputs,datm,forcing,era5,96,,.nc,12313780,
C96_ERA5_forcing_2021-05-10.nc,inputs,datm,forcing,era5,96,,.nc,12313780,
C96_ERA5_forcing_2020-11-30.nc,inputs,datm,forcing,era5,96,,.nc,12313780,
C96_ERA5_forcing_2021-07-12.nc,inputs,datm,forcing,era5,96,,.nc,12313780,
C96_ERA5_forcing_2021-06-12.nc,inputs,datm,forcing,era5,96,,.nc,12313780,
C96_ERA5_forcing_2021-03-31.nc,inputs,datm,forcing,era5,96,,.nc,12313780,
C96_ERA5_forcing_2021-06-24.nc,inputs,datm,forcing,era5,96,,.nc,12313780,
C96_ERA5_forcing_2020-10-25.nc,inputs,datm,forcing,era5,96,,.nc,12313780,
C96_ERA5_forcing_2021-08-18.nc,inputs,datm,forcing,era5,96,,.nc,12313780,
C96_ERA5_forcing_2021-08-15.nc,inputs,datm,forcing,era5,96,,.nc,12313780,
C96_ERA5_forcing_2021-02-16.nc,inputs,datm,forcing,era5,96,,.nc,12313780,
C96_ERA5_forcing_2021-05-13.nc,inputs,datm,forcing,era5,96,,.nc,12313780,
C96_ERA5_forcing_2021-06-26.nc,inputs,datm,forcing,era5,96,,.nc,12313780,
C96_ERA5_forcing_2021-04-14.nc,inputs,datm,forcing,era5,96,,.nc,12313780,
C96_ERA5_forcing_2020-10-10.nc,inputs,datm,forcing,era5,96,,.nc,12313780,
C96_ERA5_forcing_2020-10-16.nc,inputs,datm,forcing,era5,96,,.nc,12313780,
C96_ERA5_forcing_2020-11-21.nc,inputs,datm,forcing,era5,96,,.nc,12313780,
C96_ERA5_forcing_2021-09-22.nc,inputs,datm,forcing,era5,96,,.nc,12313780,
C96_ERA5_forcing_2021-02-12.nc,inputs,datm,forcing,era5,96,,.nc,12313780,
C96_ERA5_forcing_2021-07-19.nc,inputs,datm,forcing,era5,96,,.nc,12313780,
C96_ERA5_forcing_2020-12-04.nc,inputs,datm,forcing,era5,96,,.nc,12313780,
C96_ERA5_forcing_2020-12-30.nc,inputs,datm,forcing,era5,96,,.nc,12313780,
C96_ERA5_forcing_2021-07-20.nc,inputs,datm,forcing,era5,96,,.nc,12313780,
C96_ERA5_forcing_2021-01-20.nc,inputs,datm,forcing,era5,96,,.nc,12313780,
C96_ERA5_forcing_2021-06-20.nc,inputs,datm,forcing,era5,96,,.nc,12313780,
C96_ERA5_forcing_2021-05-29.nc,inputs,datm,forcing,era5,96,,.nc,12313780,
C96_ERA5_forcing_2020-11-06.nc,inputs,datm,forcing,era5,96,,.nc,12313780,
C96_ERA5_forcing_2020-12-23.nc,inputs,datm,forcing,era5,96,,.nc,12313780,
C96_ERA5_forcing_2021-05-30.nc,inputs,datm,forcing,era5,96,,.nc,12313780,
C96_ERA5_forcing_2021-05-14.nc,inputs,datm,forcing,era5,96,,.nc,12313780,
C96_ERA5_forcing_2021-01-11.nc,inputs,datm,forcing,era5,96,,.nc,12313780,
C96_ERA5_forcing_2021-02-20.nc,inputs,datm,forcing,era5,96,,.nc,12313780,
C96_ERA5_forcing_2021-08-19.nc,inputs,datm,forcing,era5,96,,.nc,12313780,
C96_ERA5_forcing_2020-11-18.nc,inputs,datm,forcing,era5,96,,.nc,12313780,
C96_ERA5_forcing_2021-04-23.nc,inputs,datm,forcing,era5,96,,.nc,12313780,
C96_ERA5_forcing_2021-03-28.nc,inputs,datm,forcing,era5,96,,.nc,12313780,
C96_ERA5_forcing_2020-12-25.nc,inputs,datm,forcing,era5,96,,.nc,12313780,
C96_ERA5_forcing_2021-05-26.nc,inputs,datm,forcing,era5,96,,.nc,12313780,
C96_ERA5_forcing_2021-09-01.nc,inputs,datm,forcing,era5,96,,.nc,12313780,
C96_ERA5_forcing_2020-12-31.nc,inputs,datm,forcing,era5,96,,.nc,12313780,
C96_ERA5_forcing_2021-06-19.nc,inputs,datm,forcing,era5,96,,.nc,12313780,
C96_ERA5_forcing_2021-08-10.nc,inputs,datm,forcing,era5,96,,.nc,12313780,
C96_ERA5_forcing_2020-11-24.nc,inputs,datm,forcing,era5,96,,.nc,12313780,
C96_ERA5_forcing_2021-03-14.nc,inputs,datm,forcing,era5,96,,.nc,12313780,
C96_ERA5_forcing_2021-06-27.nc,inputs,datm,forcing,era5,96,,.nc,12313780,
C96_ERA5_forcing_2021-07-23.nc,inputs,datm,forcing,era5,96,,.nc,12313780,
C96_ERA5_forcing_2020-11-28.nc,inputs,datm,forcing,era5,96,,.nc,12313780,
C96_ERA5_forcing_2021-02-04.nc,inputs,datm,forcing,era5,96,,.nc,12313780,
C96_ERA5_forcing_2021-02-23.nc,inputs,datm,forcing,era5,96,,.nc,12313780,
C96_ERA5_forcing_2021-09-19.nc,inputs,datm,forcing,era5,96,,.nc,12313780,
C96_ERA5_forcing_2021-01-27.nc,inputs,datm,forcing,era5,96,,.nc,12313780,
C96_ERA5_forcing_2021-01-24.nc,inputs,datm,forcing,era5,96,,.nc,12313780,
C96_ERA5_forcing_2021-02-14.nc,inputs,datm,forcing,era5,96,,.nc,12313780,
C96_ERA5_forcing_2021-02-10.nc,inputs,datm,forcing,era5,96,,.nc,12313780,
C96_ERA5_forcing_2021-01-21.nc,inputs,datm,forcing,era5,96,,.nc,12313780,
C96_ERA5_forcing_2021-01-22.nc,inputs,datm,forcing,era5,96,,.nc,12313780,
C96_ERA5_forcing_2021-07-30.nc,inputs,datm,forcing,era5,96,,.nc,12313780,
C96_ERA5_forcing_2020-10-06.nc,inputs,datm,forcing,era5,96,,.nc,12313780,
C96_ERA5_forcing_2021-04-11.nc,inputs,datm,forcing,era5,96,,.nc,12313780,
C96_ERA5_forcing_2021-06-02.nc,inputs,datm,forcing,era5,96,,.nc,12313780,
C96_ERA5_forcing_2021-01-14.nc,inputs,datm,forcing,era5,96,,.nc,12313780,
C96_ERA5_forcing_2020-10-11.nc,inputs,datm,forcing,era5,96,,.nc,12313780,
C96_ERA5_forcing_2020-10-05.nc,inputs,datm,forcing,era5,96,,.nc,12313780,
C96_ERA5_forcing_2020-10-26.nc,inputs,datm,forcing,era5,96,,.nc,12313780,
C96_ERA5_forcing_2021-09-24.nc,inputs,datm,forcing,era5,96,,.nc,12313780,
C96_ERA5_forcing_2020-10-04.nc,inputs,datm,forcing,era5,96,,.nc,12313780,
C96_ERA5_forcing_2021-08-16.nc,inputs,datm,forcing,era5,96,,.nc,12313780,
C96_ERA5_forcing_2021-02-07.nc,inputs,datm,forcing,era5,96,,.nc,12313780,
C96_ERA5_forcing_2021-03-13.nc,inputs,datm,forcing,era5,96,,.nc,12313780,
C96_ERA5_forcing_2021-07-13.nc,inputs,datm,forcing,era5,96,,.nc,12313780,
C96_ERA5_forcing_2021-07-29.nc,inputs,datm,forcing,era5,96,,.nc,12313780,
C96_ERA5_forcing_2021-08-12.nc,inputs,datm,forcing,era5,96,,.nc,12313780,
C96_ERA5_forcing_2021-05-22.nc,inputs,datm,forcing,era5,96,,.nc,12313780,
C96_ERA5_forcing_2020-12-18.nc,inputs,datm,forcing,era5,96,,.nc,12313780,
C96_ERA5_forcing_2020-11-12.nc,inputs,datm,forcing,era5,96,,.nc,12313780,
C96_ERA5_forcing_2021-02-06.nc,inputs,datm,forcing,era5,96,,.nc,12313780,
C96_ERA5_forcing_2021-05-01.nc,inputs,datm,forcing,era5,96,,.nc,12313780,
C96_ERA5_forcing_2021-06-08.nc,inputs,datm,forcing,era5,96,,.nc,12313780,
C96_ERA5_forcing_2020-11-02.nc,inputs,datm,forcing,era5,96,,.nc,12313780,
C96_ERA5_forcing_2020-12-09.nc,inputs,datm,forcing,era5,96,,.nc,12313780,
C96_ERA5_forcing_2021-05-16.nc,inputs,datm,forcing,era5,96,,.nc,12313780,
C96_ERA5_forcing_2021-04-10.nc,inputs,datm,forcing,era5,96,,.nc,12313780,
C96_ERA5_forcing_2021-04-13.nc,inputs,datm,forcing,era5,96,,.nc,12313780,
C96_ERA5_forcing_2020-12-11.nc,inputs,datm,forcing,era5,96,,.nc,12313780,
C96_ERA5_forcing_2021-03-30.nc,inputs,datm,forcing,era5,96,,.nc,12313780,
C96_ERA5_forcing_2021-07-11.nc,inputs,datm,forcing,era5,96,,.nc,12313780,
C96_ERA5_forcing_2021-09-25.nc,inputs,datm,forcing,era5,96,,.nc,12313780,
C96_ERA5_forcing_2021-01-02.nc,inputs,datm,forcing,era5,96,,.nc,12313780,
C96_ERA5_forcing_2021-08-28.nc,inputs,datm,forcing,era5,96,,.nc,12313780,
C96_ERA5_forcing_2021-05-21.nc,inputs,datm,forcing,era5,96,,.nc,12313780,
C96_ERA5_forcing_2020-11-26.nc,inputs,datm,forcing,era5,96,,.nc,12313780,
C96_ERA5_forcing_2021-02-01.nc,inputs,datm,forcing,era5,96,,.nc,12313780,
C96_ERA5_forcing_2021-04-25.nc,inputs,datm,forcing,era5,96,,.nc,12313780,
C96_ERA5_forcing_2020-12-21.nc,inputs,datm,forcing,era5,96,,.nc,12313780,
C96_ERA5_forcing_2021-05-08.nc,inputs,datm,forcing,era5,96,,.nc,12313780,
C96_ERA5_forcing_2020-12-27.nc,inputs,datm,forcing,era5,96,,.nc,12313780,
C96_ERA5_forcing_2021-05-27.nc,inputs,datm,forcing,era5,96,,.nc,12313780,
C96_ERA5_forcing_2021-04-21.nc,inputs,datm,forcing,era5,96,,.nc,12313780,
C96_ERA5_forcing_2020-11-14.nc,inputs,datm,forcing,era5,96,,.nc,12313780,
C96_ERA5_forcing_2021-01-31.nc,inputs,datm,forcing,era5,96,,.nc,12313780,
C96_ERA5_forcing_2021-06-22.nc,inputs,datm,forcing,era5,96,,.nc,12313780,
C96_ERA5_forcing_2021-05-05.nc,inputs,datm,forcing,era5,96,,.nc,12313780,
C96_ERA5_forcing_2021-02-15.nc,inputs,datm,forcing,era5,96,,.nc,12313780,
C96_ERA5_forcing_2020-11-03.nc,inputs,datm,forcing,era5,96,,.nc,12313780,
C96_ERA5_forcing_2020-12-14.nc,inputs,datm,forcing,era5,96,,.nc,12313780,
C96_ERA5_forcing_2021-01-28.nc,inputs,datm,forcing,era5,96,,.nc,12313780,
C96_ERA5_forcing_2020-10-09.nc,inputs,datm,forcing,era5,96,,.nc,12313780,
C96_ERA5_forcing_2021-09-10.nc,inputs,datm,forcing,era5,96,,.nc,12313780,
C96_ERA5_forcing_2021-01-30.nc,inputs,datm,forcing,era5,96,,.nc,12313780,
C96_ERA5_forcing_2020-12-05.nc,inputs,datm,forcing,era5,96,,.nc,12313780,
C96_ERA5_forcing_2021-09-02.nc,inputs,datm,forcing,era5,96,,.nc,12313780,
C96_ERA5_forcing_2021-04-03.nc,inputs,datm,forcing,era5,96,,.nc,12313780,
C96_ERA5_forcing_2021-02-27.nc,inputs,datm,forcing,era5,96,,.nc,12313780,
C96_ERA5_forcing_2021-03-24.nc,inputs,datm,forcing,era5,96,,.nc,12313780,
C96_ERA5_forcing_2021-03-10.nc,inputs,datm,forcing,era5,96,,.nc,12313780,
C96_ERA5_forcing_2020-11-15.nc,inputs,datm,forcing,era5,96,,.nc,12313780,
C96_ERA5_forcing_2020-12-16.nc,inputs,datm,forcing,era5,96,,.nc,12313780,
C96_ERA5_forcing_2020-11-23.nc,inputs,datm,forcing,era5,96,,.nc,12313780,
C96_ERA5_forcing_2021-05-19.nc,inputs,datm,forcing,era5,96,,.nc,12313780,
C96_ERA5_forcing_2020-12-17.nc,inputs,datm,forcing,era5,96,,.nc,12313780,
C96_ERA5_forcing_2021-08-26.nc,inputs,datm,forcing,era5,96,,.nc,12313780,
C96_ERA5_forcing_2021-03-27.nc,inputs,datm,forcing,era5,96,,.nc,12313780,
C96_ERA5_forcing_2020-12-26.nc,inputs,datm,forcing,era5,96,,.nc,12313780,
C96_ERA5_forcing_2021-09-18.nc,inputs,datm,forcing,era5,96,,.nc,12313780,
C96_ERA5_forcing_2021-02-25.nc,inputs,datm,forcing,era5,96,,.nc,12313780,
C96_ERA5_forcing_2021-06-10.nc,inputs,datm,forcing,era5,96,,.nc,12313780,
C96_ERA5_forcing_2021-09-17.nc,inputs,datm,forcing,era5,96,,.nc,12313780,
C96_ERA5_forcing_2020-11-10.nc,inputs,datm,forcing,era5,96,,.nc,12313780,
C96_ERA5_forcing_2021-08-24.nc,inputs,datm,forcing,era5,96,,.nc,12313780,
C96_ERA5_forcing_2021-08-22.nc,inputs,datm,forcing,era5,96,,.nc,12313780,
C96_ERA5_forcing_2020-12-24.nc,inputs,datm,forcing,era5,96,,.nc,12313780,
C96_ERA5_forcing_2021-03-06.nc,inputs,datm,forcing,era5,96,,.nc,12313780,
C96_ERA5_forcing_2020-10-20.nc,inputs,datm,forcing,era5,96,,.nc,12313780,
C96_ERA5_forcing_2021-06-15.nc,inputs,datm,forcing,era5,96,,.nc,12313780,
C96_ERA5_forcing_2020-10-07.nc,inputs,datm,forcing,era5,96,,.nc,12313780,
C96_ERA5_forcing_2020-11-07.nc,inputs,datm,forcing,era5,96,,.nc,12313780,
C96_ERA5_forcing_2021-03-09.nc,inputs,datm,forcing,era5,96,,.nc,12313780,
C96_ERA5_forcing_2021-06-05.nc,inputs,datm,forcing,era5,96,,.nc,12313780,
C96_ERA5_forcing_2021-02-09.nc,inputs,datm,forcing,era5,96,,.nc,12313780,
C96_ERA5_forcing_2021-07-27.nc,inputs,datm,forcing,era5,96,,.nc,12313780,
C96_ERA5_forcing_2021-05-15.nc,inputs,datm,forcing,era5,96,,.nc,12313780,
C96_ERA5_forcing_2021-09-16.nc,inputs,datm,forcing,era5,96,,.nc,12313780,
C96_ERA5_forcing_2021-08-14.nc,inputs,datm,forcing,era5,96,,.nc,12313780,
C96_ERA5_forcing_2020-11-22.nc,inputs,datm,forcing,era5,96,,.nc,12313780,
C96_ERA5_forcing_2021-09-28.nc,inputs,datm,forcing,era5,96,,.nc,12313780,
C96_ERA5_forcing_2021-07-16.nc,inputs,datm,forcing,era5,96,,.nc,12313780,
C96_ERA5_forcing_2021-02-18.nc,inputs,datm,forcing,era5,96,,.nc,12313780,
C96_ERA5_forcing_2021-08-04.nc,inputs,datm,forcing,era5,96,,.nc,12313780,
C96_ERA5_forcing_2021-05-04.nc,inputs,datm,forcing,era5,96,,.nc,12313780,
C96_ERA5_forcing_2021-01-26.nc,inputs,datm,forcing,era5,96,,.nc,12313780,
C96_ERA5_forcing_2021-04-02.nc,inputs,datm,forcing,era5,96,,.nc,12313780,
C96_ERA5_forcing_2021-09-07.nc,inputs,datm,forcing,era5,96,,.nc,12313780,
C96_ERA5_forcing_2021-08-29.nc,inputs,datm,forcing,era5,96,,.nc,12313780,
C96_ERA5_forcing_2020-12-01.nc,inputs,datm,forcing,era5,96,,.nc,12313780,
C96_ERA5_forcing_2021-08-13.nc,inputs,datm,forcing,era5,96,,.nc,12313780,
C96_ERA5_forcing_2020-12-06.nc,inputs,datm,forcing,era5,96,,.nc,12313780,
C96_ERA5_forcing_2020-11-17.nc,inputs,datm,forcing,era5,96,,.nc,12313780,
C96_ERA5_forcing_2021-04-30.nc,inputs,datm,forcing,era5,96,,.nc,12313780,
C96_ERA5_forcing_2021-04-04.nc,inputs,datm,forcing,era5,96,,.nc,12313780,
C96_ERA5_forcing_2021-01-29.nc,inputs,datm,forcing,era5,96,,.nc,12313780,
C96_ERA5_forcing_2020-10-18.nc,inputs,datm,forcing,era5,96,,.nc,12313780,
C96_ERA5_forcing_2021-07-22.nc,inputs,datm,forcing,era5,96,,.nc,12313780,
C96_ERA5_forcing_2021-03-26.nc,inputs,datm,forcing,era5,96,,.nc,12313780,
C96_ERA5_forcing_2021-08-25.nc,inputs,datm,forcing,era5,96,,.nc,12313780,
C96_ERA5_forcing_2021-03-08.nc,inputs,datm,forcing,era5,96,,.nc,12313780,
C96_ERA5_forcing_2020-10-14.nc,inputs,datm,forcing,era5,96,,.nc,12313780,
C96_ERA5_forcing_2020-10-17.nc,inputs,datm,forcing,era5,96,,.nc,12313780,
C96_ERA5_forcing_2020-12-19.nc,inputs,datm,forcing,era5,96,,.nc,12313780,
C96_ERA5_forcing_2021-03-03.nc,inputs,datm,forcing,era5,96,,.nc,12313780,
C96_ERA5_forcing_2021-01-19.nc,inputs,datm,forcing,era5,96,,.nc,12313780,
C96_ERA5_forcing_2021-08-03.nc,inputs,datm,forcing,era5,96,,.nc,12313780,
C96_ERA5_forcing_2021-07-25.nc,inputs,datm,forcing,era5,96,,.nc,12313780,
C96_ERA5_forcing_2021-09-08.nc,inputs,datm,forcing,era5,96,,.nc,12313780,
C96_ERA5_forcing_2021-04-27.nc,inputs,datm,forcing,era5,96,,.nc,12313780,
C96_ERA5_forcing_2021-09-20.nc,inputs,datm,forcing,era5,96,,.nc,12313780,
C96_ERA5_forcing_2020-12-03.nc,inputs,datm,forcing,era5,96,,.nc,12313780,
C96_ERA5_forcing_2021-05-31.nc,inputs,datm,forcing,era5,96,,.nc,12313780,
C96_ERA5_forcing_2020-12-28.nc,inputs,datm,forcing,era5,96,,.nc,12313780,
C96_ERA5_forcing_2021-04-19.nc,inputs,datm,forcing,era5,96,,.nc,12313780,
C96_ERA5_forcing_2020-10-19.nc,inputs,datm,forcing,era5,96,,.nc,12313780,
C96_ERA5_forcing_2021-06-07.nc,inputs,datm,forcing,era5,96,,.nc,12313780,
C96_ERA5_forcing_2021-03-07.nc,inputs,datm,forcing,era5,96,,.nc,12313780,
C96_ERA5_forcing_2021-07-26.nc,inputs,datm,forcing,era5,96,,.nc,12313780,
C96_ERA5_forcing_2020-11-08.nc,inputs,datm,forcing,era5,96,,.nc,12313780,
C96_ERA5_forcing_2020-10-02.nc,inputs,datm,forcing,era5,96,,.nc,12313780,
C96_ERA5_forcing_2020-11-29.nc,inputs,datm,forcing,era5,96,,.nc,12313780,
C96_ERA5_forcing_2021-08-09.nc,inputs,datm,forcing,era5,96,,.nc,12313780,
C96_ERA5_forcing_2021-09-29.nc,inputs,datm,forcing,era5,96,,.nc,12313780,
C96_ERA5_forcing_2021-01-05.nc,inputs,datm,forcing,era5,96,,.nc,12313780,
C96_ERA5_forcing_2021-10-01.nc,inputs,datm,forcing,era5,96,,.nc,12313780,
C96_ERA5_forcing_2020-12-12.nc,inputs,datm,forcing,era5,96,,.nc,12313780,
C96_ERA5_forcing_2020-11-16.nc,inputs,datm,forcing,era5,96,,.nc,12313780,
C96_ERA5_forcing_2021-04-05.nc,inputs,datm,forcing,era5,96,,.nc,12313780,
C96_ERA5_forcing_2021-02-11.nc,inputs,datm,forcing,era5,96,,.nc,12313780,
C96_ERA5_forcing_2020-10-29.nc,inputs,datm,forcing,era5,96,,.nc,12313780,
C96_ERA5_forcing_2020-12-02.nc,inputs,datm,forcing,era5,96,,.nc,12313780,
C96_ERA5_forcing_2020-10-24.nc,inputs,datm,forcing,era5,96,,.nc,12313780,
C96_ERA5_forcing_2020-11-01.nc,inputs,datm,forcing,era5,96,,.nc,12313780,
C96_ERA5_forcing_2021-01-04.nc,inputs,datm,forcing,era5,96,,.nc,12313780,
C96_ERA5_forcing_2020-11-05.nc,inputs,datm,forcing,era5,96,,.nc,12313780,
C96_ERA5_forcing_2021-05-02.nc,inputs,datm,forcing,era5,96,,.nc,12313780,
C96_ERA5_forcing_2020-11-27.nc,inputs,datm,forcing,era5,96,,.nc,12313780,
C96_ERA5_forcing_2021-01-15.nc,inputs,datm,forcing,era5,96,,.nc,12313780,
C96_ERA5_forcing_2021-05-23.nc,inputs,datm,forcing,era5,96,,.nc,12313780,
C96_ERA5_forcing_2021-08-20.nc,inputs,datm,forcing,era5,96,,.nc,12313780,
C96_ERA5_forcing_2021-07-05.nc,inputs,datm,forcing,era5,96,,.nc,12313780,
C96_ERA5_forcing_2021-08-01.nc,inputs,datm,forcing,era5,96,,.nc,12313780,
C96_ERA5_forcing_2021-02-08.nc,inputs,datm,forcing,era5,96,,.nc,12313780,
C96_ERA5_forcing_2021-06-09.nc,inputs,datm,forcing,era5,96,,.nc,12313780,
C96_ERA5_forcing_2021-03-11.nc,inputs,datm,forcing,era5,96,,.nc,12313780,
C96_ERA5_forcing_2021-06-16.nc,inputs,datm,forcing,era5,96,,.nc,12313780,
C96_ERA5_forcing_2021-07-18.nc,inputs,datm,forcing,era5,96,,.nc,12313780,
C96_ERA5_forcing_2021-01-08.nc,inputs,datm,forcing,era5,96,,.nc,12313780,
C96_ERA5_forcing_2020-11-09.nc,inputs,datm,forcing,era5,96,,.nc,12313780,
C96_ERA5_forcing_2021-05-07.nc,inputs,datm,forcing,era5,96,,.nc,12313780,
C96_ERA5_forcing_2021-09-05.nc,inputs,datm,forcing,era5,96,,.nc,12313780,
C96_ERA5_forcing_2021-04-24.nc,inputs,datm,forcing,era5,96,,.nc,12313780,
C96_ERA5_forcing_2021-05-09.nc,inputs,datm,forcing,era5,96,,.nc,12313780,
C96_ERA5_forcing_2021-06-30.nc,inputs,datm,forcing,era5,96,,.nc,12313780,
C96_ERA5_forcing_2021-08-08.nc,inputs,datm,forcing,era5,96,,.nc,12313780,
C96_ERA5_forcing_2021-04-08.nc,inputs,datm,forcing,era5,96,,.nc,12313780,
C96_ERA5_forcing_2021-03-23.nc,inputs,datm,forcing,era5,96,,.nc,12313780,
C96_ERA5_forcing_2021-04-17.nc,inputs,datm,forcing,era5,96,,.nc,12313780,
C96_ERA5_forcing_2021-08-02.nc,inputs,datm,forcing,era5,96,,.nc,12313780,
C96_ERA5_forcing_2021-02-13.nc,inputs,datm,forcing,era5,96,,.nc,12313780,
C96_ERA5_forcing_2021-02-03.nc,inputs,datm,forcing,era5,96,,.nc,12313780,
C96_ERA5_forcing_2020-10-22.nc,inputs,datm,forcing,era5,96,,.nc,12313780,
C96_ERA5_forcing_2021-07-28.nc,inputs,datm,forcing,era5,96,,.nc,12313780,
C96_ERA5_forcing_2021-01-18.nc,inputs,datm,forcing,era5,96,,.nc,12313780,
C96_ERA5_forcing_2021-07-15.nc,inputs,datm,forcing,era5,96,,.nc,12313780,
C96_ERA5_forcing_2021-01-01.nc,inputs,datm,forcing,era5,96,,.nc,12313780,
C96_ERA5_forcing_2021-09-13.nc,inputs,datm,forcing,era5,96,,.nc,12313780,
C96_ERA5_forcing_2021-07-07.nc,inputs,datm,forcing,era5,96,,.nc,12313780,
C96_ERA5_forcing_2021-05-03.nc,inputs,datm,forcing,era5,96,,.nc,12313780,
C96_ERA5_forcing_2021-07-04.nc,inputs,datm,forcing,era5,96,,.nc,12313780,
C96_ERA5_forcing_2021-02-22.nc,inputs,datm,forcing,era5,96,,.nc,12313780,
C96_ERA5_forcing_2021-01-17.nc,inputs,datm,forcing,era5,96,,.nc,12313780,
C96_ERA5_forcing_2021-09-12.nc,inputs,datm,forcing,era5,96,,.nc,12313780,
C96_ERA5_forcing_2021-09-15.nc,inputs,datm,forcing,era5,96,,.nc,12313780,
C96_ERA5_forcing_2020-10-27.nc,inputs,datm,forcing,era5,96,,.nc,12313780,
C96_ERA5_forcing_2021-08-27.nc,inputs,datm,forcing,era5,96,,.nc,12313780,
C96_ERA5_forcing_2021-02-02.nc,inputs,datm,forcing,era5,96,,.nc,12313780,
C96_ERA5_forcing_2021-07-17.nc,inputs,datm,forcing,era5,96,,.nc,12313780,
C96_ERA5_forcing_2020-11-04.nc,inputs,datm,forcing,era5,96,,.nc,12313780,
C96_ERA5_forcing_2021-03-19.nc,inputs,datm,forcing,era5,96,,.nc,12313780,
C96_ERA5_forcing_2021-01-12.nc,inputs,datm,forcing,era5,96,,.nc,12313780,
C96_ERA5_forcing_2021-01-06.nc,inputs,datm,forcing,era5,96,,.nc,12313780,
C96_ERA5_forcing_2021-07-09.nc,inputs,datm,forcing,era5,96,,.nc,12313780,
C96_ERA5_forcing_2021-04-16.nc,inputs,datm,forcing,era5,96,,.nc,12313780,
C96_ERA5_forcing_2021-02-05.nc,inputs,datm,forcing,era5,96,,.nc,12313780,
C96_ERA5_forcing_2021-07-24.nc,inputs,datm,forcing,era5,96,,.nc,12313780,
C96_ERA5_forcing_2021-01-16.nc,inputs,datm,forcing,era5,96,,.nc,12313780,
C96_ERA5_forcing_2021-01-23.nc,inputs,datm,forcing,era5,96,,.nc,12313780,
C96_ERA5_forcing_2021-07-31.nc,inputs,datm,forcing,era5,96,,.nc,12313780,
C96_ERA5_forcing_2021-08-17.nc,inputs,datm,forcing,era5,96,,.nc,12313780,
C96_ERA5_forcing_2021-01-13.nc,inputs,datm,forcing,era5,96,,.nc,12313780,
C96_ERA5_forcing_2021-08-06.nc,inputs,datm,forcing,era5,96,,.nc,12313780,
C96_ERA5_forcing_2021-05-25.nc,inputs,datm,forcing,era5,96,,.nc,12313780,
C96_ERA5_forcing_2021-04-06.nc,inputs,datm,forcing,era5,96,,.nc,12313780,
C96_ERA5_forcing_2021-05-11.nc,inputs,datm,forcing,era5,96,,.nc,12313780,
C96_ERA5_forcing_2021-07-06.nc,inputs,datm,forcing,era5,96,,.nc,12313780,
C96_ERA5_forcing_2021-03-18.nc,inputs,datm,forcing,era5,96,,.nc,12313780,
C96_ERA5_forcing_2020-12-20.nc,inputs,datm,forcing,era5,96,,.nc,12313780,
C96_ERA5_forcing_2021-02-26.nc,inputs,datm,forcing,era5,96,,.nc,12313780,
C96_ERA5_forcing_2020-10-30.nc,inputs,datm,forcing,era5,96,,.nc,12313780,
C96_ERA5_forcing_2021-09-04.nc,inputs,datm,forcing,era5,96,,.nc,12313780,
C96_ERA5_forcing_2021-03-02.nc,inputs,datm,forcing,era5,96,,.nc,12313780,
C96_ERA5_forcing_2021-09-26.nc,inputs,datm,forcing,era5,96,,.nc,12313780,
C96_ERA5_forcing_2021-08-05.nc,inputs,datm,forcing,era5,96,,.nc,12313780,
C96_ERA5_forcing_2021-01-03.nc,inputs,datm,forcing,era5,96,,.nc,12313780,
C96_ERA5_forcing_2021-03-15.nc,inputs,datm,forcing,era5,96,,.nc,12313780,
C96_ERA5_forcing_2021-03-01.nc,inputs,datm,forcing,era5,96,,.nc,12313780,
C96_ERA5_forcing_2021-06-06.nc,inputs,datm,forcing,era5,96,,.nc,12313780,
C96_ERA5_forcing_2020-12-29.nc,inputs,datm,forcing,era5,96,,.nc,12313780,
C96_ERA5_forcing_2021-04-12.nc,inputs,datm,forcing,era5,96,,.nc,12313780,
C96_ERA5_forcing_2021-09-06.nc,inputs,datm,forcing,era5,96,,.nc,12313780,
C96_ERA5_forcing_2021-06-11.nc,inputs,datm,forcing,era5,96,,.nc,12313780,
C96_ERA5_forcing_2020-12-08.nc,inputs,datm,forcing,era5,96,,.nc,12313780,
C96_ERA5_forcing_2021-05-12.nc,inputs,datm,forcing,era5,96,,.nc,12313780,
C96_ERA5_forcing_2020-10-31.nc,inputs,datm,forcing,era5,96,,.nc,12313780,
C96_ERA5_forcing_2021-03-21.nc,inputs,datm,forcing,era5,96,,.nc,12313780,
C96_ERA5_forcing_2021-07-01.nc,inputs,datm,forcing,era5,96,,.nc,12313780,
C96_ERA5_forcing_2020-10-15.nc,inputs,datm,forcing,era5,96,,.nc,12313780,
C96_ERA5_forcing_2021-02-19.nc,inputs,datm,forcing,era5,96,,.nc,12313780,
C96_ERA5_forcing_2021-01-09.nc,inputs,datm,forcing,era5,96,,.nc,12313780,
C96_ERA5_forcing_2021-04-28.nc,inputs,datm,forcing,era5,96,,.nc,12313780,
C96_ERA5_forcing_2021-06-29.nc,inputs,datm,forcing,era5,96,,.nc,12313780,
C96_ERA5_forcing_2021-05-28.nc,inputs,datm,forcing,era5,96,,.nc,12313780,
C96_ERA5_forcing_2021-08-23.nc,inputs,datm,forcing,era5,96,,.nc,12313780,
C96_ERA5_forcing_2021-03-17.nc,inputs,datm,forcing,era5,96,,.nc,12313780,
C96_ERA5_forcing_2020-10-08.nc,inputs,datm,forcing,era5,96,,.nc,12313780,
C96_ERA5_forcing_2021-03-12.nc,inputs,datm,forcing,era5,96,,.nc,12313780,
C96_ERA5_forcing_2021-09-23.nc,inputs,datm,forcing,era5,96,,.nc,12313780,
C96_ERA5_forcing_2021-04-20.nc,inputs,datm,forcing,era5,96,,.nc,12313780,
C96_ERA5_forcing_2021-03-22.nc,inputs,datm,forcing,era5,96,,.nc,12313780,
C96_ERA5_forcing_2021-09-30.nc,inputs,datm,forcing,era5,96,,.nc,12313780,
C96_ERA5_forcing_2020-11-19.nc,inputs,datm,forcing,era5,96,,.nc,12313780,
C96_ERA5_forcing_2021-03-25.nc,inputs,datm,forcing,era5,96,,.nc,12313780,
C96_ERA5_forcing_2020-12-10.nc,inputs,datm,forcing,era5,96,,.nc,12313780,
C96_ERA5_forcing_2021-04-07.nc,inputs,datm,forcing,era5,96,,.nc,12313780,
C96_ERA5_forcing_2020-10-03.nc,inputs,datm,forcing,era5,96,,.nc,12313780,
C96_ERA5_forcing_2021-08-07.nc,inputs,datm,forcing,era5,96,,.nc,12313780,
C96_ERA5_forcing_2021-09-27.nc,inputs,datm,forcing,era5,96,,.nc,12313780,
C96_ERA5_forcing_2021-02-17.nc,inputs,datm,forcing,era5,96,,.nc,12313780,
C96_ERA5_forcing_2021-08-30.nc,inputs,datm,forcing,era5,96,,.nc,12313780,
C96_ERA5_forcing_2020-10-01.nc,inputs,datm,forcing,era5,96,,.nc,12313780,
C96_ERA5_forcing_2020-10-12.nc,inputs,datm,forcing,era5,96,,.nc,12313780,
C96_ERA5_forcing_2021-06-17.nc,inputs,datm,forcing,era5,96,,.nc,12313780,
C96_ERA5_forcing_2021-06-25.nc,inputs,datm,forcing,era5,96,,.nc,12313780,
C96_ERA5_forcing_2021-06-21.nc,inputs,datm,forcing,era5,96,,.nc,12313780,
C96_ERA5_forcing_2020-12-22.nc,inputs,datm,forcing,era5,96,,.nc,12313780,
C96_ERA5_forcing_2021-06-14.nc,inputs,datm,forcing,era5,96,,.nc,12313780,
C96_ERA5_forcing_2020-11-13.nc,inputs,datm,forcing,era5,96,,.nc,12313780,
C96_ERA5_forcing_2021-04-09.nc,inputs,datm,forcing,era5,96,,.nc,12313780,
C96_ERA5_forcing_2021-03-05.nc,inputs,datm,forcing,era5,96,,.nc,12313780,
C96_ERA5_forcing_2021-05-18.nc,inputs,datm,forcing,era5,96,,.nc,12313780,
C96_ERA5_forcing_2021-05-06.nc,inputs,datm,forcing,era5,96,,.nc,12313780,
C96_ERA5_forcing_2021-05-20.nc,inputs,datm,forcing,era5,96,,.nc,12313780,
C96_ERA5_forcing_2021-09-14.nc,inputs,datm,forcing,era5,96,,.nc,12313780,
C96_ERA5_forcing_2020-11-25.nc,inputs,datm,forcing,era5,96,,.nc,12313780,
C96_ERA5_forcing_2021-06-03.nc,inputs,datm,forcing,era5,96,,.nc,12313780,
C96_ERA5_forcing_2021-06-28.nc,inputs,datm,forcing,era5,96,,.nc,12313780,
C96_ERA5_forcing_2020-12-13.nc,inputs,datm,forcing,era5,96,,.nc,12313780,
C96_ERA5_forcing_2021-08-31.nc,inputs,datm,forcing,era5,96,,.nc,12313780,
C96_ERA5_forcing_2021-02-21.nc,inputs,datm,forcing,era5,96,,.nc,12313780,
C96_ERA5_forcing_2021-02-24.nc,inputs,datm,forcing,era5,96,,.nc,12313780,
C96_ERA5_forcing_2021-04-22.nc,inputs,datm,forcing,era5,96,,.nc,12313780,
C96_ERA5_forcing_2021-09-11.nc,inputs,datm,forcing,era5,96,,.nc,12313780,
C96_ERA5_forcing_2021-07-02.nc,inputs,datm,forcing,era5,96,,.nc,12313780,
C96_ERA5_forcing_2021-09-21.nc,inputs,datm,forcing,era5,96,,.nc,12313780,
C96_ERA5_forcing_2021-01-10.nc,inputs,datm,forcing,era5,96,,.nc,12313780,
C96_ERA5_forcing_2021-07-10.nc,inputs,datm,forcing,era5,96,,.nc,12313780,
C96_ERA5_forcing_2020-12-07.nc,inputs,datm,forcing,era5,96,,.nc,12313780,
C96_ERA5_forcing_2021-04-29.nc,inputs,datm,forcing,era5,96,,.nc,12313780,
C96_ERA5_forcing_2020-10-23.nc,inputs,datm,forcing,era5,96,,.nc,12313780,
C96_ERA5_forcing_2021-06-13.nc,inputs,datm,forcing,era5,96,,.nc,12313780,
C96_ERA5_forcing_2021-08-11.nc,inputs,datm,forcing,era5,96,,.nc,12313780,
C96_ERA5_forcing_2020-10-28.nc,inputs,datm,forcing,era5,96,,.nc,12313780,
C96_ERA5_forcing_2021-09-03.nc,inputs,datm,forcing,era5,96,,.nc,12313780,
C96_ERA5_forcing_2021-07-21.nc,inputs,datm,forcing,era5,96,,.nc,12313780,
C96_ERA5_forcing_2021-04-18.nc,inputs,datm,forcing,era5,96,,.nc,12313780,
C96_ERA5_forcing_2020-11-11.nc,inputs,datm,forcing,era5,96,,.nc,12313780,
C96_ERA5_forcing_2021-06-23.nc,inputs,datm,forcing,era5,96,,.nc,12313780,
C96_ERA5_forcing_2021-07-08.nc,inputs,datm,forcing,era5,96,,.nc,12313780,
C96_ERA5_forcing_2020-10-21.nc,inputs,datm,forcing,era5,96,,.nc,12313780,
C96_ERA5_forcing_2021-03-04.nc,inputs,datm,forcing,era5,96,,.nc,12313780,
C96_ERA5_forcing_2021-09-09.nc,inputs,datm,forcing,era5,96,,.nc,12313780,
C96_ERA5_forcing_2021-03-16.nc,inputs,datm,forcing,era5,96,,.nc,12313780,
C96_ERA5_forcing_2021-02-28.nc,inputs,datm,forcing,era5,96,,.nc,12313780,
C96_ERA5_forcing_2021-05-24.nc,inputs,datm,forcing,era5,96,,.nc,12313780,
C96_ERA5_forcing_2021-04-15.nc,inputs,datm,forcing,era5,96,,.nc,12313780,
C96_ERA5_forcing_2021-03-20.nc,inputs,datm,forcing,era5,96,,.nc,12313780,
C96_ERA5_forcing_2021-07-14.nc,inputs,datm,forcing,era5,96,,.nc,12313780,
C96_ERA5_forcing_2020-10-13.nc,inputs,datm,forcing,era5,96,,.nc,12313780,
C96_ERA5_forcing_2021-06-18.nc,inputs,datm,forcing,era5,96,,.nc,12313780,
ufs-land_C96_init_2010-12-31_23-00-00.nc,inputs,init,forcing,era5,96,,.nc,1321296,
ufs-land_C96_static_fields.nc,inputs,static,forcing,era5,96,,.nc,7991744,
ghcn_snwd_ioda_20210320.nc,inputs,GHCN,DA,snow_depth,,,.nc,1183609,2021
ghcn_snwd_ioda_20210117.nc,inputs,GHCN,DA,snow_depth,,,.nc,1655998,2021
ghcn_snwd_ioda_20210221.nc,inputs,GHCN,DA,snow_depth,,,.nc,1211519,2021
ghcn_snwd_ioda_20211231.nc,inputs,GHCN,DA,snow_depth,,,.nc,1199357,2021
ghcn_snwd_ioda_20210316.nc,inputs,GHCN,DA,snow_depth,,,.nc,1641008,2021
ghcn_snwd_ioda_20210110.nc,inputs,GHCN,DA,snow_depth,,,.nc,1655696,2021
ghcn_snwd_ioda_20210311.nc,inputs,GHCN,DA,snow_depth,,,.nc,1635220,2021
ghcn_snwd_ioda_20210703.nc,inputs,GHCN,DA,snow_depth,,,.nc,922589,2021
ghcn_snwd_ioda_20210404.nc,inputs,GHCN,DA,snow_depth,,,.nc,1115655,2021
ghcn_snwd_ioda_20210804.nc,inputs,GHCN,DA,snow_depth,,,.nc,957558,2021
ghcn_snwd_ioda_20211003.nc,inputs,GHCN,DA,snow_depth,,,.nc,998875,2021
ghcn_snwd_ioda_20211005.nc,inputs,GHCN,DA,snow_depth,,,.nc,1008658,2021
ghcn_snwd_ioda_20211013.nc,inputs,GHCN,DA,snow_depth,,,.nc,1036855,2021
ghcn_snwd_ioda_20211004.nc,inputs,GHCN,DA,snow_depth,,,.nc,1013306,2021
ghcn_snwd_ioda_20210525.nc,inputs,GHCN,DA,snow_depth,,,.nc,995485,2021
ghcn_snwd_ioda_20210503.nc,inputs,GHCN,DA,snow_depth,,,.nc,1010702,2021
ghcn_snwd_ioda_20210811.nc,inputs,GHCN,DA,snow_depth,,,.nc,957144,2021
ghcn_snwd_ioda_20210601.nc,inputs,GHCN,DA,snow_depth,,,.nc,959874,2021
ghcn_snwd_ioda_20211006.nc,inputs,GHCN,DA,snow_depth,,,.nc,1013568,2021
ghcn_snwd_ioda_20210624.nc,inputs,GHCN,DA,snow_depth,,,.nc,942007,2021
ghcn_snwd_ioda_20210405.nc,inputs,GHCN,DA,snow_depth,,,.nc,1149973,2021
ghcn_snwd_ioda_20210421.nc,inputs,GHCN,DA,snow_depth,,,.nc,1158295,2021
ghcn_snwd_ioda_20210305.nc,inputs,GHCN,DA,snow_depth,,,.nc,1634604,2021
ghcn_snwd_ioda_20210824.nc,inputs,GHCN,DA,snow_depth,,,.nc,957289,2021
ghcn_snwd_ioda_20211109.nc,inputs,GHCN,DA,snow_depth,,,.nc,1057218,2021
ghcn_snwd_ioda_20210710.nc,inputs,GHCN,DA,snow_depth,,,.nc,922895,2021
ghcn_snwd_ioda_20210420.nc,inputs,GHCN,DA,snow_depth,,,.nc,1151441,2021
ghcn_snwd_ioda_20210201.nc,inputs,GHCN,DA,snow_depth,,,.nc,1718431,2021
ghcn_snwd_ioda_20210428.nc,inputs,GHCN,DA,snow_depth,,,.nc,1076230,2021
ghcn_snwd_ioda_20210715.nc,inputs,GHCN,DA,snow_depth,,,.nc,957603,2021
ghcn_snwd_ioda_20210514.nc,inputs,GHCN,DA,snow_depth,,,.nc,996303,2021
ghcn_snwd_ioda_20210713.nc,inputs,GHCN,DA,snow_depth,,,.nc,957295,2021
ghcn_snwd_ioda_20210619.nc,inputs,GHCN,DA,snow_depth,,,.nc,923370,2021
ghcn_snwd_ioda_20211219.nc,inputs,GHCN,DA,snow_depth,,,.nc,1174299,2021
ghcn_snwd_ioda_20210919.nc,inputs,GHCN,DA,snow_depth,,,.nc,957388,2021
ghcn_snwd_ioda_20210109.nc,inputs,GHCN,DA,snow_depth,,,.nc,1645619,2021
ghcn_snwd_ioda_20210817.nc,inputs,GHCN,DA,snow_depth,,,.nc,957555,2021
ghcn_snwd_ioda_20210908.nc,inputs,GHCN,DA,snow_depth,,,.nc,941957,2021
ghcn_snwd_ioda_20210413.nc,inputs,GHCN,DA,snow_depth,,,.nc,1115384,2021
ghcn_snwd_ioda_20210206.nc,inputs,GHCN,DA,snow_depth,,,.nc,1656813,2021
ghcn_snwd_ioda_20210425.nc,inputs,GHCN,DA,snow_depth,,,.nc,1075571,2021
ghcn_snwd_ioda_20210330.nc,inputs,GHCN,DA,snow_depth,,,.nc,1163672,2021
ghcn_snwd_ioda_20210418.nc,inputs,GHCN,DA,snow_depth,,,.nc,1082299,2021
ghcn_snwd_ioda_20210712.nc,inputs,GHCN,DA,snow_depth,,,.nc,957653,2021
ghcn_snwd_ioda_20210921.nc,inputs,GHCN,DA,snow_depth,,,.nc,942668,2021
ghcn_snwd_ioda_20210809.nc,inputs,GHCN,DA,snow_depth,,,.nc,957652,2021
ghcn_snwd_ioda_20210721.nc,inputs,GHCN,DA,snow_depth,,,.nc,904090,2021
ghcn_snwd_ioda_20210818.nc,inputs,GHCN,DA,snow_depth,,,.nc,957840,2021
ghcn_snwd_ioda_20211011.nc,inputs,GHCN,DA,snow_depth,,,.nc,1009027,2021
ghcn_snwd_ioda_20210707.nc,inputs,GHCN,DA,snow_depth,,,.nc,924104,2021
ghcn_snwd_ioda_20210208.nc,inputs,GHCN,DA,snow_depth,,,.nc,1712967,2021
ghcn_snwd_ioda_20211022.nc,inputs,GHCN,DA,snow_depth,,,.nc,1023105,2021
ghcn_snwd_ioda_20210905.nc,inputs,GHCN,DA,snow_depth,,,.nc,957189,2021
ghcn_snwd_ioda_20210812.nc,inputs,GHCN,DA,snow_depth,,,.nc,956953,2021
ghcn_snwd_ioda_20210123.nc,inputs,GHCN,DA,snow_depth,,,.nc,1205233,2021
ghcn_snwd_ioda_20210807.nc,inputs,GHCN,DA,snow_depth,,,.nc,923250,2021
ghcn_snwd_ioda_20210912.nc,inputs,GHCN,DA,snow_depth,,,.nc,956973,2021
ghcn_snwd_ioda_20210304.nc,inputs,GHCN,DA,snow_depth,,,.nc,1230856,2021
ghcn_snwd_ioda_20210119.nc,inputs,GHCN,DA,snow_depth,,,.nc,1674643,2021
ghcn_snwd_ioda_20210115.nc,inputs,GHCN,DA,snow_depth,,,.nc,1655379,2021
ghcn_snwd_ioda_20210830.nc,inputs,GHCN,DA,snow_depth,,,.nc,957389,2021
ghcn_snwd_ioda_20211018.nc,inputs,GHCN,DA,snow_depth,,,.nc,1023072,2021
ghcn_snwd_ioda_20211030.nc,inputs,GHCN,DA,snow_depth,,,.nc,1018161,2021
ghcn_snwd_ioda_20210907.nc,inputs,GHCN,DA,snow_depth,,,.nc,942376,2021
ghcn_snwd_ioda_20210906.nc,inputs,GHCN,DA,snow_depth,,,.nc,958000,2021
ghcn_snwd_ioda_20210105.nc,inputs,GHCN,DA,snow_depth,,,.nc,1655379,2021
ghcn_snwd_ioda_20211102.nc,inputs,GHCN,DA,snow_depth,,,.nc,1056145,2021
ghcn_snwd_ioda_20210501.nc,inputs,GHCN,DA,snow_depth,,,.nc,1001133,2021
ghcn_snwd_ioda_20210523.nc,inputs,GHCN,DA,snow_depth,,,.nc,961135,2021
ghcn_snwd_ioda_20210927.nc,inputs,GHCN,DA,snow_depth,,,.nc,959427,2021
ghcn_snwd_ioda_20210423.nc,inputs,GHCN,DA,snow_depth,,,.nc,1096553,2021
ghcn_snwd_ioda_20210719.nc,inputs,GHCN,DA,snow_depth,,,.nc,957056,2021
ghcn_snwd_ioda_20210711.nc,inputs,GHCN,DA,snow_depth,,,.nc,922833,2021
ghcn_snwd_ioda_20210417.nc,inputs,GHCN,DA,snow_depth,,,.nc,1114138,2021
ghcn_snwd_ioda_20210622.nc,inputs,GHCN,DA,snow_depth,,,.nc,941922,2021
ghcn_snwd_ioda_20211017.nc,inputs,GHCN,DA,snow_depth,,,.nc,1008877,2021
ghcn_snwd_ioda_20210516.nc,inputs,GHCN,DA,snow_depth,,,.nc,961644,2021
ghcn_snwd_ioda_20211023.nc,inputs,GHCN,DA,snow_depth,,,.nc,1008613,2021
ghcn_snwd_ioda_20210820.nc,inputs,GHCN,DA,snow_depth,,,.nc,957558,2021
ghcn_snwd_ioda_20210527.nc,inputs,GHCN,DA,snow_depth,,,.nc,995710,2021
ghcn_snwd_ioda_20210412.nc,inputs,GHCN,DA,snow_depth,,,.nc,1115880,2021
ghcn_snwd_ioda_20210409.nc,inputs,GHCN,DA,snow_depth,,,.nc,1115421,2021
ghcn_snwd_ioda_20210401.nc,inputs,GHCN,DA,snow_depth,,,.nc,1163672,2021
ghcn_snwd_ioda_20210723.nc,inputs,GHCN,DA,snow_depth,,,.nc,903929,2021
ghcn_snwd_ioda_20210213.nc,inputs,GHCN,DA,snow_depth,,,.nc,1644964,2021
ghcn_snwd_ioda_20210315.nc,inputs,GHCN,DA,snow_depth,,,.nc,1654441,2021
ghcn_snwd_ioda_20210706.nc,inputs,GHCN,DA,snow_depth,,,.nc,957375,2021
ghcn_snwd_ioda_20210529.nc,inputs,GHCN,DA,snow_depth,,,.nc,960716,2021
ghcn_snwd_ioda_20210616.nc,inputs,GHCN,DA,snow_depth,,,.nc,957634,2021
ghcn_snwd_ioda_20211226.nc,inputs,GHCN,DA,snow_depth,,,.nc,1193898,2021
ghcn_snwd_ioda_20210926.nc,inputs,GHCN,DA,snow_depth,,,.nc,957691,2021
ghcn_snwd_ioda_20210610.nc,inputs,GHCN,DA,snow_depth,,,.nc,941728,2021
ghcn_snwd_ioda_20211107.nc,inputs,GHCN,DA,snow_depth,,,.nc,1047586,2021
ghcn_snwd_ioda_20210212.nc,inputs,GHCN,DA,snow_depth,,,.nc,1644416,2021
ghcn_snwd_ioda_20210216.nc,inputs,GHCN,DA,snow_depth,,,.nc,1753255,2021
ghcn_snwd_ioda_20210813.nc,inputs,GHCN,DA,snow_depth,,,.nc,929136,2021
ghcn_snwd_ioda_20211113.nc,inputs,GHCN,DA,snow_depth,,,.nc,1081400,2021
ghcn_snwd_ioda_20210220.nc,inputs,GHCN,DA,snow_depth,,,.nc,1233778,2021
ghcn_snwd_ioda_20211118.nc,inputs,GHCN,DA,snow_depth,,,.nc,1114131,2021
ghcn_snwd_ioda_20210608.nc,inputs,GHCN,DA,snow_depth,,,.nc,957954,2021
ghcn_snwd_ioda_20210520.nc,inputs,GHCN,DA,snow_depth,,,.nc,995871,2021
ghcn_snwd_ioda_20210326.nc,inputs,GHCN,DA,snow_depth,,,.nc,1177942,2021
ghcn_snwd_ioda_20210609.nc,inputs,GHCN,DA,snow_depth,,,.nc,941847,2021
ghcn_snwd_ioda_20211015.nc,inputs,GHCN,DA,snow_depth,,,.nc,1036661,2021
ghcn_snwd_ioda_20210407.nc,inputs,GHCN,DA,snow_depth,,,.nc,1150639,2021
ghcn_snwd_ioda_20210108.nc,inputs,GHCN,DA,snow_depth,,,.nc,1655791,2021
ghcn_snwd_ioda_20210106.nc,inputs,GHCN,DA,snow_depth,,,.nc,1655016,2021
ghcn_snwd_ioda_20210930.nc,inputs,GHCN,DA,snow_depth,,,.nc,959464,2021
ghcn_snwd_ioda_20210502.nc,inputs,GHCN,DA,snow_depth,,,.nc,999446,2021
ghcn_snwd_ioda_20210207.nc,inputs,GHCN,DA,snow_depth,,,.nc,1686660,2021
ghcn_snwd_ioda_20211228.nc,inputs,GHCN,DA,snow_depth,,,.nc,1635549,2021
ghcn_snwd_ioda_20210210.nc,inputs,GHCN,DA,snow_depth,,,.nc,1663694,2021
ghcn_snwd_ioda_20210515.nc,inputs,GHCN,DA,snow_depth,,,.nc,994873,2021
ghcn_snwd_ioda_20210728.nc,inputs,GHCN,DA,snow_depth,,,.nc,903976,2021
ghcn_snwd_ioda_20211206.nc,inputs,GHCN,DA,snow_depth,,,.nc,1177928,2021
ghcn_snwd_ioda_20210209.nc,inputs,GHCN,DA,snow_depth,,,.nc,1677547,2021
ghcn_snwd_ioda_20210602.nc,inputs,GHCN,DA,snow_depth,,,.nc,942310,2021
ghcn_snwd_ioda_20211217.nc,inputs,GHCN,DA,snow_depth,,,.nc,1158902,2021
ghcn_snwd_ioda_20210829.nc,inputs,GHCN,DA,snow_depth,,,.nc,922912,2021
ghcn_snwd_ioda_20211221.nc,inputs,GHCN,DA,snow_depth,,,.nc,1174235,2021
ghcn_snwd_ioda_20210910.nc,inputs,GHCN,DA,snow_depth,,,.nc,941783,2021
ghcn_snwd_ioda_20210319.nc,inputs,GHCN,DA,snow_depth,,,.nc,1212382,2021
ghcn_snwd_ioda_20210217.nc,inputs,GHCN,DA,snow_depth,,,.nc,1750992,2021
ghcn_snwd_ioda_20210913.nc,inputs,GHCN,DA,snow_depth,,,.nc,942461,2021
ghcn_snwd_ioda_20210621.nc,inputs,GHCN,DA,snow_depth,,,.nc,942148,2021
ghcn_snwd_ioda_20210901.nc,inputs,GHCN,DA,snow_depth,,,.nc,941753,2021
ghcn_snwd_ioda_20210512.nc,inputs,GHCN,DA,snow_depth,,,.nc,998314,2021
ghcn_snwd_ioda_20211108.nc,inputs,GHCN,DA,snow_depth,,,.nc,1074710,2021
ghcn_snwd_ioda_20210226.nc,inputs,GHCN,DA,snow_depth,,,.nc,1655653,2021
ghcn_snwd_ioda_20211110.nc,inputs,GHCN,DA,snow_depth,,,.nc,1074780,2021
ghcn_snwd_ioda_20211105.nc,inputs,GHCN,DA,snow_depth,,,.nc,1055705,2021
ghcn_snwd_ioda_20210625.nc,inputs,GHCN,DA,snow_depth,,,.nc,957965,2021
ghcn_snwd_ioda_20210615.nc,inputs,GHCN,DA,snow_depth,,,.nc,957964,2021
ghcn_snwd_ioda_20211123.nc,inputs,GHCN,DA,snow_depth,,,.nc,1148241,2021
ghcn_snwd_ioda_20210911.nc,inputs,GHCN,DA,snow_depth,,,.nc,923962,2021
ghcn_snwd_ioda_20211120.nc,inputs,GHCN,DA,snow_depth,,,.nc,1113341,2021
ghcn_snwd_ioda_20210111.nc,inputs,GHCN,DA,snow_depth,,,.nc,1679496,2021
ghcn_snwd_ioda_20210801.nc,inputs,GHCN,DA,snow_depth,,,.nc,923867,2021
ghcn_snwd_ioda_20210623.nc,inputs,GHCN,DA,snow_depth,,,.nc,941964,2021
ghcn_snwd_ioda_20210606.nc,inputs,GHCN,DA,snow_depth,,,.nc,956848,2021
ghcn_snwd_ioda_20211104.nc,inputs,GHCN,DA,snow_depth,,,.nc,1055831,2021
ghcn_snwd_ioda_20211001.nc,inputs,GHCN,DA,snow_depth,,,.nc,1003910,2021
ghcn_snwd_ioda_20210429.nc,inputs,GHCN,DA,snow_depth,,,.nc,1075553,2021
ghcn_snwd_ioda_20210403.nc,inputs,GHCN,DA,snow_depth,,,.nc,1149304,2021
ghcn_snwd_ioda_20210823.nc,inputs,GHCN,DA,snow_depth,,,.nc,957897,2021
ghcn_snwd_ioda_20210909.nc,inputs,GHCN,DA,snow_depth,,,.nc,942000,2021
ghcn_snwd_ioda_20211130.nc,inputs,GHCN,DA,snow_depth,,,.nc,1162915,2021
ghcn_snwd_ioda_20210617.nc,inputs,GHCN,DA,snow_depth,,,.nc,957297,2021
ghcn_snwd_ioda_20211122.nc,inputs,GHCN,DA,snow_depth,,,.nc,1148053,2021
ghcn_snwd_ioda_20211002.nc,inputs,GHCN,DA,snow_depth,,,.nc,998063,2021
ghcn_snwd_ioda_20210613.nc,inputs,GHCN,DA,snow_depth,,,.nc,923669,2021
ghcn_snwd_ioda_20210218.nc,inputs,GHCN,DA,snow_depth,,,.nc,1734432,2021
ghcn_snwd_ioda_20210526.nc,inputs,GHCN,DA,snow_depth,,,.nc,995371,2021
ghcn_snwd_ioda_20210402.nc,inputs,GHCN,DA,snow_depth,,,.nc,1158037,2021
ghcn_snwd_ioda_20210325.nc,inputs,GHCN,DA,snow_depth,,,.nc,1192176,2021
ghcn_snwd_ioda_20210726.nc,inputs,GHCN,DA,snow_depth,,,.nc,904586,2021
ghcn_snwd_ioda_20210704.nc,inputs,GHCN,DA,snow_depth,,,.nc,923526,2021
ghcn_snwd_ioda_20210904.nc,inputs,GHCN,DA,snow_depth,,,.nc,957102,2021
ghcn_snwd_ioda_20210720.nc,inputs,GHCN,DA,snow_depth,,,.nc,923823,2021
ghcn_snwd_ioda_20210708.nc,inputs,GHCN,DA,snow_depth,,,.nc,923852,2021
ghcn_snwd_ioda_20211116.nc,inputs,GHCN,DA,snow_depth,,,.nc,1119093,2021
ghcn_snwd_ioda_20210122.nc,inputs,GHCN,DA,snow_depth,,,.nc,1636077,2021
ghcn_snwd_ioda_20210323.nc,inputs,GHCN,DA,snow_depth,,,.nc,1193112,2021
ghcn_snwd_ioda_20210510.nc,inputs,GHCN,DA,snow_depth,,,.nc,1000734,2021
ghcn_snwd_ioda_20210825.nc,inputs,GHCN,DA,snow_depth,,,.nc,957571,2021
ghcn_snwd_ioda_20210605.nc,inputs,GHCN,DA,snow_depth,,,.nc,927926,2021
ghcn_snwd_ioda_20210729.nc,inputs,GHCN,DA,snow_depth,,,.nc,903687,2021
ghcn_snwd_ioda_20211106.nc,inputs,GHCN,DA,snow_depth,,,.nc,1041796,2021
ghcn_snwd_ioda_20210506.nc,inputs,GHCN,DA,snow_depth,,,.nc,1000253,2021
ghcn_snwd_ioda_20210612.nc,inputs,GHCN,DA,snow_depth,,,.nc,923913,2021
ghcn_snwd_ioda_20210923.nc,inputs,GHCN,DA,snow_depth,,,.nc,942945,2021
ghcn_snwd_ioda_20211007.nc,inputs,GHCN,DA,snow_depth,,,.nc,1013216,2021
ghcn_snwd_ioda_20210917.nc,inputs,GHCN,DA,snow_depth,,,.nc,942471,2021
ghcn_snwd_ioda_20210603.nc,inputs,GHCN,DA,snow_depth,,,.nc,942193,2021
ghcn_snwd_ioda_20210524.nc,inputs,GHCN,DA,snow_depth,,,.nc,995714,2021
ghcn_snwd_ioda_20210129.nc,inputs,GHCN,DA,snow_depth,,,.nc,1657618,2021
ghcn_snwd_ioda_20210310.nc,inputs,GHCN,DA,snow_depth,,,.nc,1635488,2021
ghcn_snwd_ioda_20210112.nc,inputs,GHCN,DA,snow_depth,,,.nc,1655664,2021
ghcn_snwd_ioda_20211220.nc,inputs,GHCN,DA,snow_depth,,,.nc,1183512,2021
ghcn_snwd_ioda_20210202.nc,inputs,GHCN,DA,snow_depth,,,.nc,1711179,2021
ghcn_snwd_ioda_20210629.nc,inputs,GHCN,DA,snow_depth,,,.nc,957874,2021
ghcn_snwd_ioda_20210410.nc,inputs,GHCN,DA,snow_depth,,,.nc,1096387,2021
ghcn_snwd_ioda_20210628.nc,inputs,GHCN,DA,snow_depth,,,.nc,942197,2021
ghcn_snwd_ioda_20210322.nc,inputs,GHCN,DA,snow_depth,,,.nc,1211794,2021
ghcn_snwd_ioda_20210620.nc,inputs,GHCN,DA,snow_depth,,,.nc,956875,2021
ghcn_snwd_ioda_20210717.nc,inputs,GHCN,DA,snow_depth,,,.nc,922142,2021
ghcn_snwd_ioda_20210513.nc,inputs,GHCN,DA,snow_depth,,,.nc,996576,2021
ghcn_snwd_ioda_20211203.nc,inputs,GHCN,DA,snow_depth,,,.nc,1151939,2021
ghcn_snwd_ioda_20210522.nc,inputs,GHCN,DA,snow_depth,,,.nc,961967,2021
ghcn_snwd_ioda_20210730.nc,inputs,GHCN,DA,snow_depth,,,.nc,903783,2021
ghcn_snwd_ioda_20210215.nc,inputs,GHCN,DA,snow_depth,,,.nc,1797608,2021
ghcn_snwd_ioda_20210329.nc,inputs,GHCN,DA,snow_depth,,,.nc,1177975,2021
ghcn_snwd_ioda_20211208.nc,inputs,GHCN,DA,snow_depth,,,.nc,1183090,2021
ghcn_snwd_ioda_20211222.nc,inputs,GHCN,DA,snow_depth,,,.nc,1174194,2021
ghcn_snwd_ioda_20211207.nc,inputs,GHCN,DA,snow_depth,,,.nc,1172983,2021
ghcn_snwd_ioda_20210805.nc,inputs,GHCN,DA,snow_depth,,,.nc,957136,2021
ghcn_snwd_ioda_20210211.nc,inputs,GHCN,DA,snow_depth,,,.nc,1233629,2021
ghcn_snwd_ioda_20210831.nc,inputs,GHCN,DA,snow_depth,,,.nc,956915,2021
ghcn_snwd_ioda_20211114.nc,inputs,GHCN,DA,snow_depth,,,.nc,1113589,2021
ghcn_snwd_ioda_20210509.nc,inputs,GHCN,DA,snow_depth,,,.nc,996309,2021
ghcn_snwd_ioda_20211028.nc,inputs,GHCN,DA,snow_depth,,,.nc,1027780,2021
ghcn_snwd_ioda_20211213.nc,inputs,GHCN,DA,snow_depth,,,.nc,1164166,2021
ghcn_snwd_ioda_20210414.nc,inputs,GHCN,DA,snow_depth,,,.nc,1150147,2021
ghcn_snwd_ioda_20210821.nc,inputs,GHCN,DA,snow_depth,,,.nc,923725,2021
ghcn_snwd_ioda_20210214.nc,inputs,GHCN,DA,snow_depth,,,.nc,1734066,2021
ghcn_snwd_ioda_20210511.nc,inputs,GHCN,DA,snow_depth,,,.nc,1005244,2021
ghcn_snwd_ioda_20210328.nc,inputs,GHCN,DA,snow_depth,,,.nc,1153583,2021
ghcn_snwd_ioda_20210814.nc,inputs,GHCN,DA,snow_depth,,,.nc,923001,2021
ghcn_snwd_ioda_20210116.nc,inputs,GHCN,DA,snow_depth,,,.nc,1673811,2021
ghcn_snwd_ioda_20210724.nc,inputs,GHCN,DA,snow_depth,,,.nc,886591,2021
ghcn_snwd_ioda_20210611.nc,inputs,GHCN,DA,snow_depth,,,.nc,957560,2021
ghcn_snwd_ioda_20211224.nc,inputs,GHCN,DA,snow_depth,,,.nc,1175110,2021
ghcn_snwd_ioda_20210422.nc,inputs,GHCN,DA,snow_depth,,,.nc,1150218,2021
ghcn_snwd_ioda_20211008.nc,inputs,GHCN,DA,snow_depth,,,.nc,1008534,2021
ghcn_snwd_ioda_20210828.nc,inputs,GHCN,DA,snow_depth,,,.nc,923356,2021
ghcn_snwd_ioda_20210702.nc,inputs,GHCN,DA,snow_depth,,,.nc,924095,2021
ghcn_snwd_ioda_20210528.nc,inputs,GHCN,DA,snow_depth,,,.nc,995004,2021
ghcn_snwd_ioda_20211223.nc,inputs,GHCN,DA,snow_depth,,,.nc,1164953,2021
ghcn_snwd_ioda_20210317.nc,inputs,GHCN,DA,snow_depth,,,.nc,1635489,2021
ghcn_snwd_ioda_20210406.nc,inputs,GHCN,DA,snow_depth,,,.nc,1150319,2021
ghcn_snwd_ioda_20210411.nc,inputs,GHCN,DA,snow_depth,,,.nc,1100992,2021
ghcn_snwd_ioda_20210903.nc,inputs,GHCN,DA,snow_depth,,,.nc,941846,2021
ghcn_snwd_ioda_20210306.nc,inputs,GHCN,DA,snow_depth,,,.nc,1203971,2021
ghcn_snwd_ioda_20210929.nc,inputs,GHCN,DA,snow_depth,,,.nc,947064,2021
ghcn_snwd_ioda_20210902.nc,inputs,GHCN,DA,snow_depth,,,.nc,942310,2021
ghcn_snwd_ioda_20210113.nc,inputs,GHCN,DA,snow_depth,,,.nc,1645556,2021
ghcn_snwd_ioda_20211209.nc,inputs,GHCN,DA,snow_depth,,,.nc,1202760,2021
ghcn_snwd_ioda_20211031.nc,inputs,GHCN,DA,snow_depth,,,.nc,1026937,2021
ghcn_snwd_ioda_20210916.nc,inputs,GHCN,DA,snow_depth,,,.nc,942424,2021
ghcn_snwd_ioda_20210301.nc,inputs,GHCN,DA,snow_depth,,,.nc,1660998,2021
ghcn_snwd_ioda_20210922.nc,inputs,GHCN,DA,snow_depth,,,.nc,942750,2021
ghcn_snwd_ioda_20211101.nc,inputs,GHCN,DA,snow_depth,,,.nc,1055696,2021
ghcn_snwd_ioda_20210302.nc,inputs,GHCN,DA,snow_depth,,,.nc,1636017,2021
ghcn_snwd_ioda_20210203.nc,inputs,GHCN,DA,snow_depth,,,.nc,1681034,2021
ghcn_snwd_ioda_20210826.nc,inputs,GHCN,DA,snow_depth,,,.nc,957385,2021
ghcn_snwd_ioda_20210727.nc,inputs,GHCN,DA,snow_depth,,,.nc,904087,2021
ghcn_snwd_ioda_20211214.nc,inputs,GHCN,DA,snow_depth,,,.nc,1159582,2021
ghcn_snwd_ioda_20211009.nc,inputs,GHCN,DA,snow_depth,,,.nc,999252,2021
ghcn_snwd_ioda_20211124.nc,inputs,GHCN,DA,snow_depth,,,.nc,1149774,2021
ghcn_snwd_ioda_20210531.nc,inputs,GHCN,DA,snow_depth,,,.nc,961809,2021
ghcn_snwd_ioda_20210722.nc,inputs,GHCN,DA,snow_depth,,,.nc,903772,2021
ghcn_snwd_ioda_20211202.nc,inputs,GHCN,DA,snow_depth,,,.nc,1157040,2021
ghcn_snwd_ioda_20211019.nc,inputs,GHCN,DA,snow_depth,,,.nc,1018334,2021
ghcn_snwd_ioda_20211129.nc,inputs,GHCN,DA,snow_depth,,,.nc,1162882,2021
ghcn_snwd_ioda_20210914.nc,inputs,GHCN,DA,snow_depth,,,.nc,942291,2021
ghcn_snwd_ioda_20210103.nc,inputs,GHCN,DA,snow_depth,,,.nc,1655810,2021
ghcn_snwd_ioda_20211010.nc,inputs,GHCN,DA,snow_depth,,,.nc,999061,2021
ghcn_snwd_ioda_20210701.nc,inputs,GHCN,DA,snow_depth,,,.nc,942019,2021
ghcn_snwd_ioda_20211215.nc,inputs,GHCN,DA,snow_depth,,,.nc,1178870,2021
ghcn_snwd_ioda_20210424.nc,inputs,GHCN,DA,snow_depth,,,.nc,1075636,2021
ghcn_snwd_ioda_20210102.nc,inputs,GHCN,DA,snow_depth,,,.nc,1656159,2021
ghcn_snwd_ioda_20210819.nc,inputs,GHCN,DA,snow_depth,,,.nc,957319,2021
ghcn_snwd_ioda_20210530.nc,inputs,GHCN,DA,snow_depth,,,.nc,960213,2021
ghcn_snwd_ioda_20211027.nc,inputs,GHCN,DA,snow_depth,,,.nc,1042642,2021
ghcn_snwd_ioda_20210224.nc,inputs,GHCN,DA,snow_depth,,,.nc,1657131,2021
ghcn_snwd_ioda_20211016.nc,inputs,GHCN,DA,snow_depth,,,.nc,1013559,2021
ghcn_snwd_ioda_20211204.nc,inputs,GHCN,DA,snow_depth,,,.nc,1149270,2021
ghcn_snwd_ioda_20210627.nc,inputs,GHCN,DA,snow_depth,,,.nc,957169,2021
ghcn_snwd_ioda_20210630.nc,inputs,GHCN,DA,snow_depth,,,.nc,957851,2021
ghcn_snwd_ioda_20211117.nc,inputs,GHCN,DA,snow_depth,,,.nc,1118854,2021
ghcn_snwd_ioda_20211014.nc,inputs,GHCN,DA,snow_depth,,,.nc,1036337,2021
ghcn_snwd_ioda_20211229.nc,inputs,GHCN,DA,snow_depth,,,.nc,1641844,2021
ghcn_snwd_ioda_20210607.nc,inputs,GHCN,DA,snow_depth,,,.nc,942165,2021
ghcn_snwd_ioda_20211212.nc,inputs,GHCN,DA,snow_depth,,,.nc,1164730,2021
ghcn_snwd_ioda_20210324.nc,inputs,GHCN,DA,snow_depth,,,.nc,1202097,2021
ghcn_snwd_ioda_20210312.nc,inputs,GHCN,DA,snow_depth,,,.nc,1229829,2021
ghcn_snwd_ioda_20210131.nc,inputs,GHCN,DA,snow_depth,,,.nc,1657869,2021
ghcn_snwd_ioda_20210508.nc,inputs,GHCN,DA,snow_depth,,,.nc,996558,2021
ghcn_snwd_ioda_20210626.nc,inputs,GHCN,DA,snow_depth,,,.nc,956910,2021
ghcn_snwd_ioda_20210124.nc,inputs,GHCN,DA,snow_depth,,,.nc,1636977,2021
ghcn_snwd_ioda_20211121.nc,inputs,GHCN,DA,snow_depth,,,.nc,1113517,2021
ghcn_snwd_ioda_20210925.nc,inputs,GHCN,DA,snow_depth,,,.nc,957762,2021
ghcn_snwd_ioda_20210928.nc,inputs,GHCN,DA,snow_depth,,,.nc,959561,2021
ghcn_snwd_ioda_20211205.nc,inputs,GHCN,DA,snow_depth,,,.nc,1157898,2021
ghcn_snwd_ioda_20210705.nc,inputs,GHCN,DA,snow_depth,,,.nc,924111,2021
ghcn_snwd_ioda_20210518.nc,inputs,GHCN,DA,snow_depth,,,.nc,996530,2021
ghcn_snwd_ioda_20210718.nc,inputs,GHCN,DA,snow_depth,,,.nc,922570,2021
ghcn_snwd_ioda_20210915.nc,inputs,GHCN,DA,snow_depth,,,.nc,942511,2021
ghcn_snwd_ioda_20210127.nc,inputs,GHCN,DA,snow_depth,,,.nc,1713282,2021
ghcn_snwd_ioda_20211012.nc,inputs,GHCN,DA,snow_depth,,,.nc,1027599,2021
ghcn_snwd_ioda_20210419.nc,inputs,GHCN,DA,snow_depth,,,.nc,1114174,2021
ghcn_snwd_ioda_20211126.nc,inputs,GHCN,DA,snow_depth,,,.nc,1148953,2021
ghcn_snwd_ioda_20211210.nc,inputs,GHCN,DA,snow_depth,,,.nc,1198768,2021
ghcn_snwd_ioda_20211026.nc,inputs,GHCN,DA,snow_depth,,,.nc,1036557,2021
ghcn_snwd_ioda_20211119.nc,inputs,GHCN,DA,snow_depth,,,.nc,1149315,2021
ghcn_snwd_ioda_20210924.nc,inputs,GHCN,DA,snow_depth,,,.nc,942791,2021
ghcn_snwd_ioda_20210822.nc,inputs,GHCN,DA,snow_depth,,,.nc,923836,2021
ghcn_snwd_ioda_20210104.nc,inputs,GHCN,DA,snow_depth,,,.nc,1674320,2021
ghcn_snwd_ioda_20211230.nc,inputs,GHCN,DA,snow_depth,,,.nc,1230953,2021
ghcn_snwd_ioda_20210802.nc,inputs,GHCN,DA,snow_depth,,,.nc,957367,2021
ghcn_snwd_ioda_20210327.nc,inputs,GHCN,DA,snow_depth,,,.nc,1158680,2021
ghcn_snwd_ioda_20210128.nc,inputs,GHCN,DA,snow_depth,,,.nc,1686845,2021
ghcn_snwd_ioda_20210227.nc,inputs,GHCN,DA,snow_depth,,,.nc,1642128,2021
ghcn_snwd_ioda_20211029.nc,inputs,GHCN,DA,snow_depth,,,.nc,1027036,2021
ghcn_snwd_ioda_20210806.nc,inputs,GHCN,DA,snow_depth,,,.nc,957093,2021
ghcn_snwd_ioda_20211227.nc,inputs,GHCN,DA,snow_depth,,,.nc,1636193,2021
ghcn_snwd_ioda_20210716.nc,inputs,GHCN,DA,snow_depth,,,.nc,929334,2021
ghcn_snwd_ioda_20210321.nc,inputs,GHCN,DA,snow_depth,,,.nc,1183244,2021
ghcn_snwd_ioda_20210920.nc,inputs,GHCN,DA,snow_depth,,,.nc,959403,2021
ghcn_snwd_ioda_20210430.nc,inputs,GHCN,DA,snow_depth,,,.nc,1074591,2021
ghcn_snwd_ioda_20211128.nc,inputs,GHCN,DA,snow_depth,,,.nc,1153283,2021
ghcn_snwd_ioda_20210505.nc,inputs,GHCN,DA,snow_depth,,,.nc,1000936,2021
ghcn_snwd_ioda_20211127.nc,inputs,GHCN,DA,snow_depth,,,.nc,1150730,2021
ghcn_snwd_ioda_20211020.nc,inputs,GHCN,DA,snow_depth,,,.nc,1027474,2021
ghcn_snwd_ioda_20210808.nc,inputs,GHCN,DA,snow_depth,,,.nc,923904,2021
ghcn_snwd_ioda_20210519.nc,inputs,GHCN,DA,snow_depth,,,.nc,996040,2021
ghcn_snwd_ioda_20210517.nc,inputs,GHCN,DA,snow_depth,,,.nc,996519,2021
ghcn_snwd_ioda_20211201.nc,inputs,GHCN,DA,snow_depth,,,.nc,1162812,2021
ghcn_snwd_ioda_20210725.nc,inputs,GHCN,DA,snow_depth,,,.nc,886257,2021
ghcn_snwd_ioda_20210504.nc,inputs,GHCN,DA,snow_depth,,,.nc,1010441,2021
ghcn_snwd_ioda_20211218.nc,inputs,GHCN,DA,snow_depth,,,.nc,1158819,2021
ghcn_snwd_ioda_20210223.nc,inputs,GHCN,DA,snow_depth,,,.nc,1674826,2021
ghcn_snwd_ioda_20210318.nc,inputs,GHCN,DA,snow_depth,,,.nc,1229492,2021
ghcn_snwd_ioda_20210107.nc,inputs,GHCN,DA,snow_depth,,,.nc,1645673,2021
ghcn_snwd_ioda_20210101.nc,inputs,GHCN,DA,snow_depth,,,.nc,1655228,2021
ghcn_snwd_ioda_20210416.nc,inputs,GHCN,DA,snow_depth,,,.nc,1150966,2021
ghcn_snwd_ioda_20210803.nc,inputs,GHCN,DA,snow_depth,,,.nc,957763,2021
ghcn_snwd_ioda_20210219.nc,inputs,GHCN,DA,snow_depth,,,.nc,1714888,2021
ghcn_snwd_ioda_20210314.nc,inputs,GHCN,DA,snow_depth,,,.nc,1634110,2021
ghcn_snwd_ioda_20210408.nc,inputs,GHCN,DA,snow_depth,,,.nc,1149318,2021
ghcn_snwd_ioda_20210205.nc,inputs,GHCN,DA,snow_depth,,,.nc,1675288,2021
ghcn_snwd_ioda_20211025.nc,inputs,GHCN,DA,snow_depth,,,.nc,1036362,2021
ghcn_snwd_ioda_20210918.nc,inputs,GHCN,DA,snow_depth,,,.nc,957104,2021
ghcn_snwd_ioda_20210709.nc,inputs,GHCN,DA,snow_depth,,,.nc,957221,2021
ghcn_snwd_ioda_20211024.nc,inputs,GHCN,DA,snow_depth,,,.nc,1013170,2021
ghcn_snwd_ioda_20211103.nc,inputs,GHCN,DA,snow_depth,,,.nc,1055953,2021
ghcn_snwd_ioda_20210731.nc,inputs,GHCN,DA,snow_depth,,,.nc,894089,2021
ghcn_snwd_ioda_20210714.nc,inputs,GHCN,DA,snow_depth,,,.nc,957245,2021
ghcn_snwd_ioda_20210313.nc,inputs,GHCN,DA,snow_depth,,,.nc,1198426,2021
ghcn_snwd_ioda_20210121.nc,inputs,GHCN,DA,snow_depth,,,.nc,1636604,2021
ghcn_snwd_ioda_20210816.nc,inputs,GHCN,DA,snow_depth,,,.nc,957532,2021
ghcn_snwd_ioda_20210507.nc,inputs,GHCN,DA,snow_depth,,,.nc,999292,2021
ghcn_snwd_ioda_20210228.nc,inputs,GHCN,DA,snow_depth,,,.nc,1641579,2021
ghcn_snwd_ioda_20210331.nc,inputs,GHCN,DA,snow_depth,,,.nc,1158062,2021
ghcn_snwd_ioda_20211111.nc,inputs,GHCN,DA,snow_depth,,,.nc,1074657,2021
ghcn_snwd_ioda_20210204.nc,inputs,GHCN,DA,snow_depth,,,.nc,1676164,2021
ghcn_snwd_ioda_20210225.nc,inputs,GHCN,DA,snow_depth,,,.nc,1661871,2021
ghcn_snwd_ioda_20211115.nc,inputs,GHCN,DA,snow_depth,,,.nc,1149792,2021
ghcn_snwd_ioda_20210827.nc,inputs,GHCN,DA,snow_depth,,,.nc,957283,2021
ghcn_snwd_ioda_20210618.nc,inputs,GHCN,DA,snow_depth,,,.nc,956874,2021
ghcn_snwd_ioda_20211021.nc,inputs,GHCN,DA,snow_depth,,,.nc,1023239,2021
ghcn_snwd_ioda_20210222.nc,inputs,GHCN,DA,snow_depth,,,.nc,1694807,2021
ghcn_snwd_ioda_20210614.nc,inputs,GHCN,DA,snow_depth,,,.nc,941749,2021
ghcn_snwd_ioda_20210309.nc,inputs,GHCN,DA,snow_depth,,,.nc,1230087,2021
ghcn_snwd_ioda_20211125.nc,inputs,GHCN,DA,snow_depth,,,.nc,1114935,2021
ghcn_snwd_ioda_20210521.nc,inputs,GHCN,DA,snow_depth,,,.nc,996452,2021
ghcn_snwd_ioda_20210120.nc,inputs,GHCN,DA,snow_depth,,,.nc,1673814,2021
ghcn_snwd_ioda_20211112.nc,inputs,GHCN,DA,snow_depth,,,.nc,1095053,2021
ghcn_snwd_ioda_20210125.nc,inputs,GHCN,DA,snow_depth,,,.nc,1675365,2021
ghcn_snwd_ioda_20210427.nc,inputs,GHCN,DA,snow_depth,,,.nc,1076614,2021
ghcn_snwd_ioda_20211211.nc,inputs,GHCN,DA,snow_depth,,,.nc,1193680,2021
ghcn_snwd_ioda_20210126.nc,inputs,GHCN,DA,snow_depth,,,.nc,1686407,2021
ghcn_snwd_ioda_20210303.nc,inputs,GHCN,DA,snow_depth,,,.nc,1634837,2021
ghcn_snwd_ioda_20210307.nc,inputs,GHCN,DA,snow_depth,,,.nc,1203370,2021
ghcn_snwd_ioda_20210604.nc,inputs,GHCN,DA,snow_depth,,,.nc,942010,2021
ghcn_snwd_ioda_20210415.nc,inputs,GHCN,DA,snow_depth,,,.nc,1114914,2021
ghcn_snwd_ioda_20210118.nc,inputs,GHCN,DA,snow_depth,,,.nc,1674297,2021
ghcn_snwd_ioda_20211216.nc,inputs,GHCN,DA,snow_depth,,,.nc,1178958,2021
ghcn_snwd_ioda_20210810.nc,inputs,GHCN,DA,snow_depth,,,.nc,957371,2021
ghcn_snwd_ioda_20211225.nc,inputs,GHCN,DA,snow_depth,,,.nc,1174613,2021
ghcn_snwd_ioda_20210114.nc,inputs,GHCN,DA,snow_depth,,,.nc,1640809,2021
ghcn_snwd_ioda_20210426.nc,inputs,GHCN,DA,snow_depth,,,.nc,1082274,2021
ghcn_snwd_ioda_20210130.nc,inputs,GHCN,DA,snow_depth,,,.nc,1638488,2021
ghcn_snwd_ioda_20210815.nc,inputs,GHCN,DA,snow_depth,,,.nc,923008,2021
ghcn_snwd_ioda_20210308.nc,inputs,GHCN,DA,snow_depth,,,.nc,1634988,2021
ghcn_snwd_ioda_20200204.nc,inputs,GHCN,DA,snow_depth,,,.nc,921790,2020
ghcn_snwd_ioda_20200914.nc,inputs,GHCN,DA,snow_depth,,,.nc,713155,2020
ghcn_snwd_ioda_20200127.nc,inputs,GHCN,DA,snow_depth,,,.nc,922550,2020
ghcn_snwd_ioda_20201224.nc,inputs,GHCN,DA,snow_depth,,,.nc,1329606,2020
ghcn_snwd_ioda_20200901.nc,inputs,GHCN,DA,snow_depth,,,.nc,696166,2020
ghcn_snwd_ioda_20201128.nc,inputs,GHCN,DA,snow_depth,,,.nc,860590,2020
ghcn_snwd_ioda_20200710.nc,inputs,GHCN,DA,snow_depth,,,.nc,696056,2020
ghcn_snwd_ioda_20200131.nc,inputs,GHCN,DA,snow_depth,,,.nc,922723,2020
ghcn_snwd_ioda_20201202.nc,inputs,GHCN,DA,snow_depth,,,.nc,1327409,2020
ghcn_snwd_ioda_20200929.nc,inputs,GHCN,DA,snow_depth,,,.nc,713415,2020
ghcn_snwd_ioda_20201015.nc,inputs,GHCN,DA,snow_depth,,,.nc,762411,2020
ghcn_snwd_ioda_20200831.nc,inputs,GHCN,DA,snow_depth,,,.nc,712768,2020
ghcn_snwd_ioda_20200206.nc,inputs,GHCN,DA,snow_depth,,,.nc,1336894,2020
ghcn_snwd_ioda_20200217.nc,inputs,GHCN,DA,snow_depth,,,.nc,919802,2020
ghcn_snwd_ioda_20201106.nc,inputs,GHCN,DA,snow_depth,,,.nc,807723,2020
ghcn_snwd_ioda_20200113.nc,inputs,GHCN,DA,snow_depth,,,.nc,1329428,2020
ghcn_snwd_ioda_20200504.nc,inputs,GHCN,DA,snow_depth,,,.nc,755305,2020
ghcn_snwd_ioda_20201025.nc,inputs,GHCN,DA,snow_depth,,,.nc,819595,2020
ghcn_snwd_ioda_20200318.nc,inputs,GHCN,DA,snow_depth,,,.nc,880310,2020
ghcn_snwd_ioda_20200207.nc,inputs,GHCN,DA,snow_depth,,,.nc,1342525,2020
ghcn_snwd_ioda_20200402.nc,inputs,GHCN,DA,snow_depth,,,.nc,861691,2020
ghcn_snwd_ioda_20200526.nc,inputs,GHCN,DA,snow_depth,,,.nc,750305,2020
ghcn_snwd_ioda_20200609.nc,inputs,GHCN,DA,snow_depth,,,.nc,715211,2020
ghcn_snwd_ioda_20201203.nc,inputs,GHCN,DA,snow_depth,,,.nc,925265,2020
ghcn_snwd_ioda_20201110.nc,inputs,GHCN,DA,snow_depth,,,.nc,860707,2020
ghcn_snwd_ioda_20200329.nc,inputs,GHCN,DA,snow_depth,,,.nc,841604,2020
ghcn_snwd_ioda_20200712.nc,inputs,GHCN,DA,snow_depth,,,.nc,710915,2020
ghcn_snwd_ioda_20201217.nc,inputs,GHCN,DA,snow_depth,,,.nc,1369793,2020
ghcn_snwd_ioda_20200407.nc,inputs,GHCN,DA,snow_depth,,,.nc,838482,2020
ghcn_snwd_ioda_20200105.nc,inputs,GHCN,DA,snow_depth,,,.nc,920436,2020
ghcn_snwd_ioda_20200714.nc,inputs,GHCN,DA,snow_depth,,,.nc,695826,2020
ghcn_snwd_ioda_20201228.nc,inputs,GHCN,DA,snow_depth,,,.nc,1335712,2020
ghcn_snwd_ioda_20201126.nc,inputs,GHCN,DA,snow_depth,,,.nc,879603,2020
ghcn_snwd_ioda_20200815.nc,inputs,GHCN,DA,snow_depth,,,.nc,694987,2020
ghcn_snwd_ioda_20201102.nc,inputs,GHCN,DA,snow_depth,,,.nc,838331,2020
ghcn_snwd_ioda_20200608.nc,inputs,GHCN,DA,snow_depth,,,.nc,714599,2020
ghcn_snwd_ioda_20201105.nc,inputs,GHCN,DA,snow_depth,,,.nc,807538,2020
ghcn_snwd_ioda_20200917.nc,inputs,GHCN,DA,snow_depth,,,.nc,712738,2020
ghcn_snwd_ioda_20200829.nc,inputs,GHCN,DA,snow_depth,,,.nc,694814,2020
ghcn_snwd_ioda_20201210.nc,inputs,GHCN,DA,snow_depth,,,.nc,918126,2020
ghcn_snwd_ioda_20200704.nc,inputs,GHCN,DA,snow_depth,,,.nc,694751,2020
ghcn_snwd_ioda_20200123.nc,inputs,GHCN,DA,snow_depth,,,.nc,927835,2020
ghcn_snwd_ioda_20200606.nc,inputs,GHCN,DA,snow_depth,,,.nc,696509,2020
ghcn_snwd_ioda_20200907.nc,inputs,GHCN,DA,snow_depth,,,.nc,695440,2020
ghcn_snwd_ioda_20200221.nc,inputs,GHCN,DA,snow_depth,,,.nc,922928,2020
ghcn_snwd_ioda_20201114.nc,inputs,GHCN,DA,snow_depth,,,.nc,844980,2020
ghcn_snwd_ioda_20200411.nc,inputs,GHCN,DA,snow_depth,,,.nc,838241,2020
ghcn_snwd_ioda_20200203.nc,inputs,GHCN,DA,snow_depth,,,.nc,927584,2020
ghcn_snwd_ioda_20200219.nc,inputs,GHCN,DA,snow_depth,,,.nc,918667,2020
ghcn_snwd_ioda_20200706.nc,inputs,GHCN,DA,snow_depth,,,.nc,712800,2020
ghcn_snwd_ioda_20200424.nc,inputs,GHCN,DA,snow_depth,,,.nc,819523,2020
ghcn_snwd_ioda_20200525.nc,inputs,GHCN,DA,snow_depth,,,.nc,717631,2020
ghcn_snwd_ioda_20200622.nc,inputs,GHCN,DA,snow_depth,,,.nc,713700,2020
ghcn_snwd_ioda_20200214.nc,inputs,GHCN,DA,snow_depth,,,.nc,1329380,2020
ghcn_snwd_ioda_20200117.nc,inputs,GHCN,DA,snow_depth,,,.nc,1329868,2020
ghcn_snwd_ioda_20201221.nc,inputs,GHCN,DA,snow_depth,,,.nc,1329536,2020
ghcn_snwd_ioda_20200211.nc,inputs,GHCN,DA,snow_depth,,,.nc,1329575,2020
ghcn_snwd_ioda_20200110.nc,inputs,GHCN,DA,snow_depth,,,.nc,927704,2020
ghcn_snwd_ioda_20201023.nc,inputs,GHCN,DA,snow_depth,,,.nc,808725,2020
ghcn_snwd_ioda_20200310.nc,inputs,GHCN,DA,snow_depth,,,.nc,881063,2020
ghcn_snwd_ioda_20200405.nc,inputs,GHCN,DA,snow_depth,,,.nc,839614,2020
ghcn_snwd_ioda_20200209.nc,inputs,GHCN,DA,snow_depth,,,.nc,1329778,2020
ghcn_snwd_ioda_20200820.nc,inputs,GHCN,DA,snow_depth,,,.nc,712657,2020
ghcn_snwd_ioda_20200403.nc,inputs,GHCN,DA,snow_depth,,,.nc,879623,2020
ghcn_snwd_ioda_20200108.nc,inputs,GHCN,DA,snow_depth,,,.nc,1327685,2020
ghcn_snwd_ioda_20200715.nc,inputs,GHCN,DA,snow_depth,,,.nc,712984,2020
ghcn_snwd_ioda_20201010.nc,inputs,GHCN,DA,snow_depth,,,.nc,755479,2020
ghcn_snwd_ioda_20200224.nc,inputs,GHCN,DA,snow_depth,,,.nc,919722,2020
ghcn_snwd_ioda_20200304.nc,inputs,GHCN,DA,snow_depth,,,.nc,917063,2020
ghcn_snwd_ioda_20200807.nc,inputs,GHCN,DA,snow_depth,,,.nc,696042,2020
ghcn_snwd_ioda_20200619.nc,inputs,GHCN,DA,snow_depth,,,.nc,713271,2020
ghcn_snwd_ioda_20200314.nc,inputs,GHCN,DA,snow_depth,,,.nc,916922,2020
ghcn_snwd_ioda_20200106.nc,inputs,GHCN,DA,snow_depth,,,.nc,1327896,2020
ghcn_snwd_ioda_20200223.nc,inputs,GHCN,DA,snow_depth,,,.nc,881397,2020
ghcn_snwd_ioda_20200607.nc,inputs,GHCN,DA,snow_depth,,,.nc,713363,2020
ghcn_snwd_ioda_20200610.nc,inputs,GHCN,DA,snow_depth,,,.nc,714480,2020
ghcn_snwd_ioda_20201201.nc,inputs,GHCN,DA,snow_depth,,,.nc,1328275,2020
ghcn_snwd_ioda_20200805.nc,inputs,GHCN,DA,snow_depth,,,.nc,712726,2020
ghcn_snwd_ioda_20200614.nc,inputs,GHCN,DA,snow_depth,,,.nc,696195,2020
ghcn_snwd_ioda_20201021.nc,inputs,GHCN,DA,snow_depth,,,.nc,803867,2020
ghcn_snwd_ioda_20201113.nc,inputs,GHCN,DA,snow_depth,,,.nc,850830,2020
ghcn_snwd_ioda_20200118.nc,inputs,GHCN,DA,snow_depth,,,.nc,1328563,2020
ghcn_snwd_ioda_20201026.nc,inputs,GHCN,DA,snow_depth,,,.nc,882327,2020
ghcn_snwd_ioda_20200309.nc,inputs,GHCN,DA,snow_depth,,,.nc,916887,2020
ghcn_snwd_ioda_20200510.nc,inputs,GHCN,DA,snow_depth,,,.nc,756134,2020
ghcn_snwd_ioda_20200529.nc,inputs,GHCN,DA,snow_depth,,,.nc,716514,2020
ghcn_snwd_ioda_20201020.nc,inputs,GHCN,DA,snow_depth,,,.nc,797416,2020
ghcn_snwd_ioda_20200323.nc,inputs,GHCN,DA,snow_depth,,,.nc,917200,2020
ghcn_snwd_ioda_20200103.nc,inputs,GHCN,DA,snow_depth,,,.nc,918262,2020
ghcn_snwd_ioda_20200602.nc,inputs,GHCN,DA,snow_depth,,,.nc,714465,2020
ghcn_snwd_ioda_20201004.nc,inputs,GHCN,DA,snow_depth,,,.nc,754263,2020
ghcn_snwd_ioda_20200509.nc,inputs,GHCN,DA,snow_depth,,,.nc,757753,2020
ghcn_snwd_ioda_20201215.nc,inputs,GHCN,DA,snow_depth,,,.nc,1340184,2020
ghcn_snwd_ioda_20200205.nc,inputs,GHCN,DA,snow_depth,,,.nc,1331009,2020
ghcn_snwd_ioda_20201101.nc,inputs,GHCN,DA,snow_depth,,,.nc,808513,2020
ghcn_snwd_ioda_20200828.nc,inputs,GHCN,DA,snow_depth,,,.nc,712669,2020
ghcn_snwd_ioda_20200208.nc,inputs,GHCN,DA,snow_depth,,,.nc,1331515,2020
ghcn_snwd_ioda_20201116.nc,inputs,GHCN,DA,snow_depth,,,.nc,859444,2020
ghcn_snwd_ioda_20200623.nc,inputs,GHCN,DA,snow_depth,,,.nc,713367,2020
ghcn_snwd_ioda_20200308.nc,inputs,GHCN,DA,snow_depth,,,.nc,880193,2020
ghcn_snwd_ioda_20200902.nc,inputs,GHCN,DA,snow_depth,,,.nc,712903,2020
ghcn_snwd_ioda_20200723.nc,inputs,GHCN,DA,snow_depth,,,.nc,713065,2020
ghcn_snwd_ioda_20200330.nc,inputs,GHCN,DA,snow_depth,,,.nc,860423,2020
ghcn_snwd_ioda_20200620.nc,inputs,GHCN,DA,snow_depth,,,.nc,695968,2020
ghcn_snwd_ioda_20201112.nc,inputs,GHCN,DA,snow_depth,,,.nc,850421,2020
ghcn_snwd_ioda_20201219.nc,inputs,GHCN,DA,snow_depth,,,.nc,1328975,2020
ghcn_snwd_ioda_20200302.nc,inputs,GHCN,DA,snow_depth,,,.nc,928111,2020
ghcn_snwd_ioda_20200515.nc,inputs,GHCN,DA,snow_depth,,,.nc,753296,2020
ghcn_snwd_ioda_20200708.nc,inputs,GHCN,DA,snow_depth,,,.nc,712758,2020
ghcn_snwd_ioda_20200806.nc,inputs,GHCN,DA,snow_depth,,,.nc,695820,2020
ghcn_snwd_ioda_20200612.nc,inputs,GHCN,DA,snow_depth,,,.nc,713450,2020
ghcn_snwd_ioda_20201024.nc,inputs,GHCN,DA,snow_depth,,,.nc,798361,2020
ghcn_snwd_ioda_20200516.nc,inputs,GHCN,DA,snow_depth,,,.nc,717921,2020
ghcn_snwd_ioda_20200505.nc,inputs,GHCN,DA,snow_depth,,,.nc,754454,2020
ghcn_snwd_ioda_20200129.nc,inputs,GHCN,DA,snow_depth,,,.nc,928698,2020
ghcn_snwd_ioda_20200726.nc,inputs,GHCN,DA,snow_depth,,,.nc,710789,2020
ghcn_snwd_ioda_20200906.nc,inputs,GHCN,DA,snow_depth,,,.nc,710696,2020
ghcn_snwd_ioda_20201120.nc,inputs,GHCN,DA,snow_depth,,,.nc,859162,2020
ghcn_snwd_ioda_20200321.nc,inputs,GHCN,DA,snow_depth,,,.nc,862359,2020
ghcn_snwd_ioda_20200611.nc,inputs,GHCN,DA,snow_depth,,,.nc,713762,2020
ghcn_snwd_ioda_20201103.nc,inputs,GHCN,DA,snow_depth,,,.nc,835539,2020
ghcn_snwd_ioda_20200918.nc,inputs,GHCN,DA,snow_depth,,,.nc,713177,2020
ghcn_snwd_ioda_20201104.nc,inputs,GHCN,DA,snow_depth,,,.nc,817927,2020
ghcn_snwd_ioda_20201222.nc,inputs,GHCN,DA,snow_depth,,,.nc,1329120,2020
ghcn_snwd_ioda_20201008.nc,inputs,GHCN,DA,snow_depth,,,.nc,756106,2020
ghcn_snwd_ioda_20200808.nc,inputs,GHCN,DA,snow_depth,,,.nc,694695,2020
ghcn_snwd_ioda_20201205.nc,inputs,GHCN,DA,snow_depth,,,.nc,880728,2020
ghcn_snwd_ioda_20201029.nc,inputs,GHCN,DA,snow_depth,,,.nc,836532,2020
ghcn_snwd_ioda_20200215.nc,inputs,GHCN,DA,snow_depth,,,.nc,919964,2020
ghcn_snwd_ioda_20200520.nc,inputs,GHCN,DA,snow_depth,,,.nc,751054,2020
ghcn_snwd_ioda_20200111.nc,inputs,GHCN,DA,snow_depth,,,.nc,926639,2020
ghcn_snwd_ioda_20200227.nc,inputs,GHCN,DA,snow_depth,,,.nc,923327,2020
ghcn_snwd_ioda_20200711.nc,inputs,GHCN,DA,snow_depth,,,.nc,694736,2020
ghcn_snwd_ioda_20200222.nc,inputs,GHCN,DA,snow_depth,,,.nc,881937,2020
ghcn_snwd_ioda_20200713.nc,inputs,GHCN,DA,snow_depth,,,.nc,696018,2020
ghcn_snwd_ioda_20200603.nc,inputs,GHCN,DA,snow_depth,,,.nc,714418,2020
ghcn_snwd_ioda_20200930.nc,inputs,GHCN,DA,snow_depth,,,.nc,713967,2020
ghcn_snwd_ioda_20201207.nc,inputs,GHCN,DA,snow_depth,,,.nc,918593,2020
ghcn_snwd_ioda_20200625.nc,inputs,GHCN,DA,snow_depth,,,.nc,713213,2020
ghcn_snwd_ioda_20200926.nc,inputs,GHCN,DA,snow_depth,,,.nc,695990,2020
ghcn_snwd_ioda_20200818.nc,inputs,GHCN,DA,snow_depth,,,.nc,712926,2020
ghcn_snwd_ioda_20200517.nc,inputs,GHCN,DA,snow_depth,,,.nc,717259,2020
ghcn_snwd_ioda_20200830.nc,inputs,GHCN,DA,snow_depth,,,.nc,695016,2020
ghcn_snwd_ioda_20200416.nc,inputs,GHCN,DA,snow_depth,,,.nc,880421,2020
ghcn_snwd_ioda_20200327.nc,inputs,GHCN,DA,snow_depth,,,.nc,851833,2020
ghcn_snwd_ioda_20200508.nc,inputs,GHCN,DA,snow_depth,,,.nc,754409,2020
ghcn_snwd_ioda_20201130.nc,inputs,GHCN,DA,snow_depth,,,.nc,915803,2020
ghcn_snwd_ioda_20200421.nc,inputs,GHCN,DA,snow_depth,,,.nc,836848,2020
ghcn_snwd_ioda_20201028.nc,inputs,GHCN,DA,snow_depth,,,.nc,841131,2020
ghcn_snwd_ioda_20201129.nc,inputs,GHCN,DA,snow_depth,,,.nc,859263,2020
ghcn_snwd_ioda_20201011.nc,inputs,GHCN,DA,snow_depth,,,.nc,756342,2020
ghcn_snwd_ioda_20201223.nc,inputs,GHCN,DA,snow_depth,,,.nc,1328917,2020
ghcn_snwd_ioda_20200908.nc,inputs,GHCN,DA,snow_depth,,,.nc,716144,2020
ghcn_snwd_ioda_20200531.nc,inputs,GHCN,DA,snow_depth,,,.nc,715130,2020
ghcn_snwd_ioda_20200415.nc,inputs,GHCN,DA,snow_depth,,,.nc,862247,2020
ghcn_snwd_ioda_20200218.nc,inputs,GHCN,DA,snow_depth,,,.nc,920378,2020
ghcn_snwd_ioda_20200803.nc,inputs,GHCN,DA,snow_depth,,,.nc,712991,2020
ghcn_snwd_ioda_20201122.nc,inputs,GHCN,DA,snow_depth,,,.nc,859315,2020
ghcn_snwd_ioda_20200412.nc,inputs,GHCN,DA,snow_depth,,,.nc,841297,2020
ghcn_snwd_ioda_20200104.nc,inputs,GHCN,DA,snow_depth,,,.nc,917201,2020
ghcn_snwd_ioda_20200821.nc,inputs,GHCN,DA,snow_depth,,,.nc,696047,2020
ghcn_snwd_ioda_20200716.nc,inputs,GHCN,DA,snow_depth,,,.nc,712560,2020
ghcn_snwd_ioda_20201030.nc,inputs,GHCN,DA,snow_depth,,,.nc,837362,2020
ghcn_snwd_ioda_20200116.nc,inputs,GHCN,DA,snow_depth,,,.nc,922333,2020
ghcn_snwd_ioda_20200328.nc,inputs,GHCN,DA,snow_depth,,,.nc,852184,2020
ghcn_snwd_ioda_20200216.nc,inputs,GHCN,DA,snow_depth,,,.nc,917939,2020
ghcn_snwd_ioda_20201124.nc,inputs,GHCN,DA,snow_depth,,,.nc,918014,2020
ghcn_snwd_ioda_20200909.nc,inputs,GHCN,DA,snow_depth,,,.nc,752512,2020
ghcn_snwd_ioda_20201209.nc,inputs,GHCN,DA,snow_depth,,,.nc,916762,2020
ghcn_snwd_ioda_20200317.nc,inputs,GHCN,DA,snow_depth,,,.nc,881641,2020
ghcn_snwd_ioda_20201125.nc,inputs,GHCN,DA,snow_depth,,,.nc,916464,2020
ghcn_snwd_ioda_20200825.nc,inputs,GHCN,DA,snow_depth,,,.nc,712630,2020
ghcn_snwd_ioda_20200731.nc,inputs,GHCN,DA,snow_depth,,,.nc,695529,2020
ghcn_snwd_ioda_20200212.nc,inputs,GHCN,DA,snow_depth,,,.nc,1329642,2020
ghcn_snwd_ioda_20200326.nc,inputs,GHCN,DA,snow_depth,,,.nc,861097,2020
ghcn_snwd_ioda_20200824.nc,inputs,GHCN,DA,snow_depth,,,.nc,713056,2020
ghcn_snwd_ioda_20200922.nc,inputs,GHCN,DA,snow_depth,,,.nc,713088,2020
ghcn_snwd_ioda_20200228.nc,inputs,GHCN,DA,snow_depth,,,.nc,920044,2020
ghcn_snwd_ioda_20200904.nc,inputs,GHCN,DA,snow_depth,,,.nc,696154,2020
ghcn_snwd_ioda_20201230.nc,inputs,GHCN,DA,snow_depth,,,.nc,1350558,2020
ghcn_snwd_ioda_20200130.nc,inputs,GHCN,DA,snow_depth,,,.nc,922758,2020
ghcn_snwd_ioda_20200331.nc,inputs,GHCN,DA,snow_depth,,,.nc,860484,2020
ghcn_snwd_ioda_20200319.nc,inputs,GHCN,DA,snow_depth,,,.nc,881516,2020
ghcn_snwd_ioda_20200604.nc,inputs,GHCN,DA,snow_depth,,,.nc,714182,2020
ghcn_snwd_ioda_20200903.nc,inputs,GHCN,DA,snow_depth,,,.nc,696046,2020
ghcn_snwd_ioda_20200817.nc,inputs,GHCN,DA,snow_depth,,,.nc,713298,2020
ghcn_snwd_ioda_20200202.nc,inputs,GHCN,DA,snow_depth,,,.nc,917983,2020
ghcn_snwd_ioda_20200814.nc,inputs,GHCN,DA,snow_depth,,,.nc,695849,2020
ghcn_snwd_ioda_20200301.nc,inputs,GHCN,DA,snow_depth,,,.nc,920270,2020
ghcn_snwd_ioda_20200702.nc,inputs,GHCN,DA,snow_depth,,,.nc,696096,2020
ghcn_snwd_ioda_20200630.nc,inputs,GHCN,DA,snow_depth,,,.nc,713438,2020
ghcn_snwd_ioda_20200823.nc,inputs,GHCN,DA,snow_depth,,,.nc,694789,2020
ghcn_snwd_ioda_20201231.nc,inputs,GHCN,DA,snow_depth,,,.nc,1340812,2020
ghcn_snwd_ioda_20200325.nc,inputs,GHCN,DA,snow_depth,,,.nc,880001,2020
ghcn_snwd_ioda_20200511.nc,inputs,GHCN,DA,snow_depth,,,.nc,755559,2020
ghcn_snwd_ioda_20200822.nc,inputs,GHCN,DA,snow_depth,,,.nc,694991,2020
ghcn_snwd_ioda_20200919.nc,inputs,GHCN,DA,snow_depth,,,.nc,695739,2020
ghcn_snwd_ioda_20201018.nc,inputs,GHCN,DA,snow_depth,,,.nc,777985,2020
ghcn_snwd_ioda_20200101.nc,inputs,GHCN,DA,snow_depth,,,.nc,919686,2020
ghcn_snwd_ioda_20200121.nc,inputs,GHCN,DA,snow_depth,,,.nc,1329318,2020
ghcn_snwd_ioda_20200811.nc,inputs,GHCN,DA,snow_depth,,,.nc,695850,2020
ghcn_snwd_ioda_20200112.nc,inputs,GHCN,DA,snow_depth,,,.nc,922492,2020
ghcn_snwd_ioda_20200719.nc,inputs,GHCN,DA,snow_depth,,,.nc,694801,2020
ghcn_snwd_ioda_20200430.nc,inputs,GHCN,DA,snow_depth,,,.nc,798795,2020
ghcn_snwd_ioda_20200624.nc,inputs,GHCN,DA,snow_depth,,,.nc,713181,2020
ghcn_snwd_ioda_20200921.nc,inputs,GHCN,DA,snow_depth,,,.nc,713580,2020
ghcn_snwd_ioda_20200226.nc,inputs,GHCN,DA,snow_depth,,,.nc,921888,2020
ghcn_snwd_ioda_20200303.nc,inputs,GHCN,DA,snow_depth,,,.nc,918754,2020
ghcn_snwd_ioda_20200307.nc,inputs,GHCN,DA,snow_depth,,,.nc,881872,2020
ghcn_snwd_ioda_20200924.nc,inputs,GHCN,DA,snow_depth,,,.nc,713535,2020
ghcn_snwd_ioda_20200605.nc,inputs,GHCN,DA,snow_depth,,,.nc,714322,2020
ghcn_snwd_ioda_20201027.nc,inputs,GHCN,DA,snow_depth,,,.nc,879093,2020
ghcn_snwd_ioda_20200406.nc,inputs,GHCN,DA,snow_depth,,,.nc,840499,2020
ghcn_snwd_ioda_20200514.nc,inputs,GHCN,DA,snow_depth,,,.nc,753693,2020
ghcn_snwd_ioda_20200528.nc,inputs,GHCN,DA,snow_depth,,,.nc,716794,2020
ghcn_snwd_ioda_20200418.nc,inputs,GHCN,DA,snow_depth,,,.nc,846870,2020
ghcn_snwd_ioda_20201123.nc,inputs,GHCN,DA,snow_depth,,,.nc,880417,2020
ghcn_snwd_ioda_20201109.nc,inputs,GHCN,DA,snow_depth,,,.nc,839810,2020
ghcn_snwd_ioda_20201225.nc,inputs,GHCN,DA,snow_depth,,,.nc,1339825,2020
ghcn_snwd_ioda_20200717.nc,inputs,GHCN,DA,snow_depth,,,.nc,712916,2020
ghcn_snwd_ioda_20200220.nc,inputs,GHCN,DA,snow_depth,,,.nc,921301,2020
ghcn_snwd_ioda_20200503.nc,inputs,GHCN,DA,snow_depth,,,.nc,753087,2020
ghcn_snwd_ioda_20201003.nc,inputs,GHCN,DA,snow_depth,,,.nc,754217,2020
ghcn_snwd_ioda_20201204.nc,inputs,GHCN,DA,snow_depth,,,.nc,916933,2020
ghcn_snwd_ioda_20200417.nc,inputs,GHCN,DA,snow_depth,,,.nc,881047,2020
ghcn_snwd_ioda_20200703.nc,inputs,GHCN,DA,snow_depth,,,.nc,695320,2020
ghcn_snwd_ioda_20200819.nc,inputs,GHCN,DA,snow_depth,,,.nc,712917,2020
ghcn_snwd_ioda_20200313.nc,inputs,GHCN,DA,snow_depth,,,.nc,879767,2020
ghcn_snwd_ioda_20200322.nc,inputs,GHCN,DA,snow_depth,,,.nc,861547,2020
ghcn_snwd_ioda_20200305.nc,inputs,GHCN,DA,snow_depth,,,.nc,882992,2020
ghcn_snwd_ioda_20200315.nc,inputs,GHCN,DA,snow_depth,,,.nc,917937,2020
ghcn_snwd_ioda_20200910.nc,inputs,GHCN,DA,snow_depth,,,.nc,715890,2020
ghcn_snwd_ioda_20200519.nc,inputs,GHCN,DA,snow_depth,,,.nc,751519,2020
ghcn_snwd_ioda_20201229.nc,inputs,GHCN,DA,snow_depth,,,.nc,1349594,2020
ghcn_snwd_ioda_20200810.nc,inputs,GHCN,DA,snow_depth,,,.nc,712881,2020
ghcn_snwd_ioda_20200827.nc,inputs,GHCN,DA,snow_depth,,,.nc,696116,2020
ghcn_snwd_ioda_20200501.nc,inputs,GHCN,DA,snow_depth,,,.nc,755926,2020
ghcn_snwd_ioda_20200404.nc,inputs,GHCN,DA,snow_depth,,,.nc,846703,2020
ghcn_snwd_ioda_20200709.nc,inputs,GHCN,DA,snow_depth,,,.nc,712611,2020
ghcn_snwd_ioda_20200419.nc,inputs,GHCN,DA,snow_depth,,,.nc,837605,2020
ghcn_snwd_ioda_20200813.nc,inputs,GHCN,DA,snow_depth,,,.nc,712666,2020
ghcn_snwd_ioda_20200115.nc,inputs,GHCN,DA,snow_depth,,,.nc,927405,2020
ghcn_snwd_ioda_20200916.nc,inputs,GHCN,DA,snow_depth,,,.nc,713023,2020
ghcn_snwd_ioda_20200413.nc,inputs,GHCN,DA,snow_depth,,,.nc,880702,2020
ghcn_snwd_ioda_20200616.nc,inputs,GHCN,DA,snow_depth,,,.nc,713756,2020
ghcn_snwd_ioda_20200912.nc,inputs,GHCN,DA,snow_depth,,,.nc,695557,2020
ghcn_snwd_ioda_20201019.nc,inputs,GHCN,DA,snow_depth,,,.nc,787969,2020
ghcn_snwd_ioda_20200210.nc,inputs,GHCN,DA,snow_depth,,,.nc,1330381,2020
ghcn_snwd_ioda_20200730.nc,inputs,GHCN,DA,snow_depth,,,.nc,695612,2020
ghcn_snwd_ioda_20200401.nc,inputs,GHCN,DA,snow_depth,,,.nc,861705,2020
ghcn_snwd_ioda_20200408.nc,inputs,GHCN,DA,snow_depth,,,.nc,838025,2020
ghcn_snwd_ioda_20200915.nc,inputs,GHCN,DA,snow_depth,,,.nc,712617,2020
ghcn_snwd_ioda_20200425.nc,inputs,GHCN,DA,snow_depth,,,.nc,799539,2020
ghcn_snwd_ioda_20200720.nc,inputs,GHCN,DA,snow_depth,,,.nc,713128,2020
ghcn_snwd_ioda_20200705.nc,inputs,GHCN,DA,snow_depth,,,.nc,694648,2020
ghcn_snwd_ioda_20200102.nc,inputs,GHCN,DA,snow_depth,,,.nc,920186,2020
ghcn_snwd_ioda_20200409.nc,inputs,GHCN,DA,snow_depth,,,.nc,838739,2020
ghcn_snwd_ioda_20200801.nc,inputs,GHCN,DA,snow_depth,,,.nc,695196,2020
ghcn_snwd_ioda_20200928.nc,inputs,GHCN,DA,snow_depth,,,.nc,714277,2020
ghcn_snwd_ioda_20201031.nc,inputs,GHCN,DA,snow_depth,,,.nc,818311,2020
ghcn_snwd_ioda_20201002.nc,inputs,GHCN,DA,snow_depth,,,.nc,755381,2020
ghcn_snwd_ioda_20200618.nc,inputs,GHCN,DA,snow_depth,,,.nc,713546,2020
ghcn_snwd_ioda_20200423.nc,inputs,GHCN,DA,snow_depth,,,.nc,820187,2020
ghcn_snwd_ioda_20201117.nc,inputs,GHCN,DA,snow_depth,,,.nc,860114,2020
ghcn_snwd_ioda_20200410.nc,inputs,GHCN,DA,snow_depth,,,.nc,846232,2020
ghcn_snwd_ioda_20200927.nc,inputs,GHCN,DA,snow_depth,,,.nc,695872,2020
ghcn_snwd_ioda_20200626.nc,inputs,GHCN,DA,snow_depth,,,.nc,713350,2020
ghcn_snwd_ioda_20200911.nc,inputs,GHCN,DA,snow_depth,,,.nc,714258,2020
ghcn_snwd_ioda_20201111.nc,inputs,GHCN,DA,snow_depth,,,.nc,859253,2020
ghcn_snwd_ioda_20200119.nc,inputs,GHCN,DA,snow_depth,,,.nc,1329406,2020
ghcn_snwd_ioda_20201213.nc,inputs,GHCN,DA,snow_depth,,,.nc,1334386,2020
ghcn_snwd_ioda_20200312.nc,inputs,GHCN,DA,snow_depth,,,.nc,880142,2020
ghcn_snwd_ioda_20200913.nc,inputs,GHCN,DA,snow_depth,,,.nc,695310,2020
ghcn_snwd_ioda_20201115.nc,inputs,GHCN,DA,snow_depth,,,.nc,840242,2020
ghcn_snwd_ioda_20200521.nc,inputs,GHCN,DA,snow_depth,,,.nc,750507,2020
ghcn_snwd_ioda_20200613.nc,inputs,GHCN,DA,snow_depth,,,.nc,696180,2020
ghcn_snwd_ioda_20201218.nc,inputs,GHCN,DA,snow_depth,,,.nc,1351196,2020
ghcn_snwd_ioda_20200109.nc,inputs,GHCN,DA,snow_depth,,,.nc,927408,2020
ghcn_snwd_ioda_20200621.nc,inputs,GHCN,DA,snow_depth,,,.nc,695875,2020
ghcn_snwd_ioda_20201014.nc,inputs,GHCN,DA,snow_depth,,,.nc,766928,2020
ghcn_snwd_ioda_20200923.nc,inputs,GHCN,DA,snow_depth,,,.nc,713231,2020
ghcn_snwd_ioda_20200512.nc,inputs,GHCN,DA,snow_depth,,,.nc,755164,2020
ghcn_snwd_ioda_20201009.nc,inputs,GHCN,DA,snow_depth,,,.nc,755848,2020
ghcn_snwd_ioda_20200502.nc,inputs,GHCN,DA,snow_depth,,,.nc,753561,2020
ghcn_snwd_ioda_20200601.nc,inputs,GHCN,DA,snow_depth,,,.nc,714975,2020
ghcn_snwd_ioda_20201127.nc,inputs,GHCN,DA,snow_depth,,,.nc,878019,2020
ghcn_snwd_ioda_20200925.nc,inputs,GHCN,DA,snow_depth,,,.nc,713621,2020
ghcn_snwd_ioda_20200229.nc,inputs,GHCN,DA,snow_depth,,,.nc,919336,2020
ghcn_snwd_ioda_20200812.nc,inputs,GHCN,DA,snow_depth,,,.nc,695811,2020
ghcn_snwd_ioda_20201016.nc,inputs,GHCN,DA,snow_depth,,,.nc,767200,2020
ghcn_snwd_ioda_20201118.nc,inputs,GHCN,DA,snow_depth,,,.nc,879261,2020
ghcn_snwd_ioda_20200513.nc,inputs,GHCN,DA,snow_depth,,,.nc,754143,2020
ghcn_snwd_ioda_20200429.nc,inputs,GHCN,DA,snow_depth,,,.nc,798609,2020
ghcn_snwd_ioda_20200311.nc,inputs,GHCN,DA,snow_depth,,,.nc,880380,2020
ghcn_snwd_ioda_20201214.nc,inputs,GHCN,DA,snow_depth,,,.nc,1348561,2020
ghcn_snwd_ioda_20200707.nc,inputs,GHCN,DA,snow_depth,,,.nc,712701,2020
ghcn_snwd_ioda_20200809.nc,inputs,GHCN,DA,snow_depth,,,.nc,710917,2020
ghcn_snwd_ioda_20200701.nc,inputs,GHCN,DA,snow_depth,,,.nc,713051,2020
ghcn_snwd_ioda_20200615.nc,inputs,GHCN,DA,snow_depth,,,.nc,714009,2020
ghcn_snwd_ioda_20200507.nc,inputs,GHCN,DA,snow_depth,,,.nc,753837,2020
ghcn_snwd_ioda_20201227.nc,inputs,GHCN,DA,snow_depth,,,.nc,1329139,2020
ghcn_snwd_ioda_20200427.nc,inputs,GHCN,DA,snow_depth,,,.nc,808997,2020
ghcn_snwd_ioda_20201108.nc,inputs,GHCN,DA,snow_depth,,,.nc,819432,2020
ghcn_snwd_ioda_20200729.nc,inputs,GHCN,DA,snow_depth,,,.nc,695694,2020
ghcn_snwd_ioda_20200802.nc,inputs,GHCN,DA,snow_depth,,,.nc,695220,2020
ghcn_snwd_ioda_20200320.nc,inputs,GHCN,DA,snow_depth,,,.nc,916591,2020
ghcn_snwd_ioda_20201005.nc,inputs,GHCN,DA,snow_depth,,,.nc,755925,2020
ghcn_snwd_ioda_20200826.nc,inputs,GHCN,DA,snow_depth,,,.nc,695901,2020
ghcn_snwd_ioda_20200728.nc,inputs,GHCN,DA,snow_depth,,,.nc,695725,2020
ghcn_snwd_ioda_20200126.nc,inputs,GHCN,DA,snow_depth,,,.nc,918760,2020
ghcn_snwd_ioda_20200530.nc,inputs,GHCN,DA,snow_depth,,,.nc,715055,2020
ghcn_snwd_ioda_20200523.nc,inputs,GHCN,DA,snow_depth,,,.nc,716688,2020
ghcn_snwd_ioda_20201119.nc,inputs,GHCN,DA,snow_depth,,,.nc,877115,2020
ghcn_snwd_ioda_20201022.nc,inputs,GHCN,DA,snow_depth,,,.nc,798127,2020
ghcn_snwd_ioda_20201007.nc,inputs,GHCN,DA,snow_depth,,,.nc,755751,2020
ghcn_snwd_ioda_20201208.nc,inputs,GHCN,DA,snow_depth,,,.nc,917779,2020
ghcn_snwd_ioda_20200428.nc,inputs,GHCN,DA,snow_depth,,,.nc,799519,2020
ghcn_snwd_ioda_20200629.nc,inputs,GHCN,DA,snow_depth,,,.nc,713596,2020
ghcn_snwd_ioda_20201121.nc,inputs,GHCN,DA,snow_depth,,,.nc,844903,2020
ghcn_snwd_ioda_20201211.nc,inputs,GHCN,DA,snow_depth,,,.nc,925265,2020
ghcn_snwd_ioda_20200128.nc,inputs,GHCN,DA,snow_depth,,,.nc,927675,2020
ghcn_snwd_ioda_20201212.nc,inputs,GHCN,DA,snow_depth,,,.nc,1327648,2020
ghcn_snwd_ioda_20200727.nc,inputs,GHCN,DA,snow_depth,,,.nc,712662,2020
ghcn_snwd_ioda_20200107.nc,inputs,GHCN,DA,snow_depth,,,.nc,920981,2020
ghcn_snwd_ioda_20200718.nc,inputs,GHCN,DA,snow_depth,,,.nc,695044,2020
ghcn_snwd_ioda_20200506.nc,inputs,GHCN,DA,snow_depth,,,.nc,754222,2020
ghcn_snwd_ioda_20200816.nc,inputs,GHCN,DA,snow_depth,,,.nc,694971,2020
ghcn_snwd_ioda_20200213.nc,inputs,GHCN,DA,snow_depth,,,.nc,1332230,2020
ghcn_snwd_ioda_20200628.nc,inputs,GHCN,DA,snow_depth,,,.nc,695539,2020
ghcn_snwd_ioda_20200524.nc,inputs,GHCN,DA,snow_depth,,,.nc,716178,2020
ghcn_snwd_ioda_20200725.nc,inputs,GHCN,DA,snow_depth,,,.nc,710831,2020
ghcn_snwd_ioda_20200905.nc,inputs,GHCN,DA,snow_depth,,,.nc,710917,2020
ghcn_snwd_ioda_20201012.nc,inputs,GHCN,DA,snow_depth,,,.nc,761987,2020
ghcn_snwd_ioda_20201206.nc,inputs,GHCN,DA,snow_depth,,,.nc,916341,2020
ghcn_snwd_ioda_20201006.nc,inputs,GHCN,DA,snow_depth,,,.nc,755806,2020
ghcn_snwd_ioda_20200721.nc,inputs,GHCN,DA,snow_depth,,,.nc,696130,2020
ghcn_snwd_ioda_20201216.nc,inputs,GHCN,DA,snow_depth,,,.nc,1349242,2020
ghcn_snwd_ioda_20200422.nc,inputs,GHCN,DA,snow_depth,,,.nc,838592,2020
ghcn_snwd_ioda_20200522.nc,inputs,GHCN,DA,snow_depth,,,.nc,750502,2020
ghcn_snwd_ioda_20200120.nc,inputs,GHCN,DA,snow_depth,,,.nc,1329701,2020
ghcn_snwd_ioda_20200804.nc,inputs,GHCN,DA,snow_depth,,,.nc,712990,2020
ghcn_snwd_ioda_20200122.nc,inputs,GHCN,DA,snow_depth,,,.nc,928752,2020
ghcn_snwd_ioda_20200114.nc,inputs,GHCN,DA,snow_depth,,,.nc,1328447,2020
ghcn_snwd_ioda_20201013.nc,inputs,GHCN,DA,snow_depth,,,.nc,766675,2020
ghcn_snwd_ioda_20200527.nc,inputs,GHCN,DA,snow_depth,,,.nc,716606,2020
ghcn_snwd_ioda_20200124.nc,inputs,GHCN,DA,snow_depth,,,.nc,928248,2020
ghcn_snwd_ioda_20200125.nc,inputs,GHCN,DA,snow_depth,,,.nc,919814,2020
ghcn_snwd_ioda_20200306.nc,inputs,GHCN,DA,snow_depth,,,.nc,883140,2020
ghcn_snwd_ioda_20200201.nc,inputs,GHCN,DA,snow_depth,,,.nc,918918,2020
ghcn_snwd_ioda_20201220.nc,inputs,GHCN,DA,snow_depth,,,.nc,1327026,2020
ghcn_snwd_ioda_20200426.nc,inputs,GHCN,DA,snow_depth,,,.nc,799121,2020
ghcn_snwd_ioda_20200627.nc,inputs,GHCN,DA,snow_depth,,,.nc,695501,2020
ghcn_snwd_ioda_20201001.nc,inputs,GHCN,DA,snow_depth,,,.nc,753714,2020
ghcn_snwd_ioda_20201017.nc,inputs,GHCN,DA,snow_depth,,,.nc,767668,2020
ghcn_snwd_ioda_20200420.nc,inputs,GHCN,DA,snow_depth,,,.nc,837938,2020
ghcn_snwd_ioda_20200920.nc,inputs,GHCN,DA,snow_depth,,,.nc,695654,2020
ghcn_snwd_ioda_20201107.nc,inputs,GHCN,DA,snow_depth,,,.nc,797710,2020
ghcn_snwd_ioda_20200722.nc,inputs,GHCN,DA,snow_depth,,,.nc,712951,2020
ghcn_snwd_ioda_20200518.nc,inputs,GHCN,DA,snow_depth,,,.nc,752171,2020
ghcn_snwd_ioda_20200414.nc,inputs,GHCN,DA,snow_depth,,,.nc,862698,2020
ghcn_snwd_ioda_20200316.nc,inputs,GHCN,DA,snow_depth,,,.nc,916519,2020
ghcn_snwd_ioda_20201226.nc,inputs,GHCN,DA,snow_depth,,,.nc,1340116,2020
ghcn_snwd_ioda_20200225.nc,inputs,GHCN,DA,snow_depth,,,.nc,917441,2020
ghcn_snwd_ioda_20200724.nc,inputs,GHCN,DA,snow_depth,,,.nc,712577,2020
ghcn_snwd_ioda_20200324.nc,inputs,GHCN,DA,snow_depth,,,.nc,881979,2020
ghcn_snwd_ioda_20200617.nc,inputs,GHCN,DA,snow_depth,,,.nc,713808,2020
